Date,Open,High,Low,Close,Adj Close,Volume
15-janv.-19,83.300003,83.629997,80.660004,83.150002,73.553307,437800
16-janv.-19,83.510002,85.430000,83.410004,84.440002,74.694412,530600
17-janv.-19,83.919998,88.000000,83.919998,86.709999,76.702400,717200
18-janv.-19,87.220001,90.150002,86.940002,88.320000,78.126595,541800
22-janv.-19,88.150002,88.150002,84.790001,85.449997,75.587837,577400
23-janv.-19,85.570000,86.019997,84.050003,84.750000,74.968605,381100
24-janv.-19,84.870003,87.529999,84.430000,86.470001,76.490120,606000
25-janv.-19,87.589996,88.800003,86.500000,87.110001,77.056252,658800
28-janv.-19,86.459999,87.059998,84.320000,84.800003,75.012848,1205100
29-janv.-19,82.750000,86.379997,80.239998,83.110001,73.517914,2120800
30-janv.-19,82.900002,85.400002,81.290001,84.580002,74.818245,740500
31-janv.-19,84.730003,85.220001,83.099998,83.879997,74.199036,1265500
02-janv.-19,84.029999,87.269997,83.809998,86.519997,76.534348,635100
02-avr.-19,86.099998,87.570000,85.430000,87.449997,77.357002,394200
02-mai-19,87.410004,88.199997,85.699997,87.190002,77.127014,577200
02-juin-19,86.980003,87.800003,86.339996,87.070000,77.020874,375200
02-juil.-19,86.519997,86.779999,83.459999,83.870003,74.190201,701100
02-août-19,83.599998,84.500000,82.360001,82.940002,73.367546,534600
02-nov.-19,83.000000,83.599998,82.029999,82.900002,73.332138,3825400
02-déc.-19,83.820000,86.080002,83.190002,85.099998,75.278236,899400
13-févr.-19,85.889999,86.459999,84.699997,84.980003,75.172081,517700
14-févr.-19,84.540001,86.059998,83.529999,85.419998,75.561287,619700
15-févr.-19,85.970001,87.599998,85.629997,86.779999,76.764320,535000
19-févr.-19,86.449997,87.260002,85.489998,86.790001,76.773178,460400
20-févr.-19,86.589996,87.349998,85.870003,86.870003,76.843941,360900
21-févr.-19,86.470001,87.269997,85.699997,85.949997,76.030121,375600
22-févr.-19,86.529999,87.180000,86.000000,87.139999,77.082787,287200
25-févr.-19,88.000000,90.489998,87.449997,89.470001,79.143867,904900
26-févr.-19,89.099998,89.699997,87.279999,87.500000,77.401237,515900
27-févr.-19,87.029999,88.029999,86.480003,87.029999,76.985481,443800
28-févr.-19,86.199997,86.510002,85.059998,85.230003,75.925423,412900
03-janv.-19,86.449997,87.959999,86.260002,87.419998,77.876305,471600
03-avr.-19,88.330002,92.370003,88.120003,90.839996,80.922951,1530800
03-mai-19,90.669998,91.360001,87.379997,89.160004,79.426353,941700
03-juin-19,89.070000,89.629997,88.309998,88.320000,78.678062,737000
03-juil.-19,88.180000,88.180000,85.389999,85.680000,76.326279,538600
03-août-19,84.820000,85.349998,84.040001,85.120003,75.827400,445500
03-nov.-19,85.550003,86.050003,84.279999,85.959999,76.575706,556900
03-déc.-19,86.269997,88.540001,85.540001,88.440002,78.784966,604900
13-mars-19,88.690002,89.309998,86.730003,87.000000,77.502167,492700
14-mars-19,86.730003,86.739998,85.160004,85.279999,75.969925,555700
15-mars-19,85.610001,87.230003,85.389999,86.519997,77.074570,734000
18-mars-19,86.540001,87.650002,85.849998,87.519997,77.965401,448100
19-mars-19,89.059998,89.250000,84.379997,84.639999,75.399811,660000
20-mars-19,84.389999,84.750000,81.110001,81.389999,72.504601,768100
21-mars-19,81.300003,83.660004,81.099998,82.680000,73.653778,717500
22-mars-19,82.199997,82.830002,79.529999,79.580002,70.892189,553800
25-mars-19,79.570000,81.239998,78.800003,80.250000,71.489067,562400
26-mars-19,81.139999,83.169998,80.790001,82.260002,73.279633,696800
27-mars-19,82.680000,84.470001,82.680000,83.849998,74.696053,442500
28-mars-19,84.480003,86.400002,84.379997,85.470001,76.139175,501500
29-mars-19,85.339996,85.620003,84.019997,84.430000,75.212730,684700
04-janv.-19,85.290001,86.900002,85.290001,86.250000,76.834038,461400
04-févr.-19,86.029999,86.389999,84.870003,85.660004,76.308434,353200
04-mars-19,86.000000,88.180000,86.000000,87.720001,78.143555,517600
04-avr.-19,87.739998,90.510002,87.739998,89.559998,79.782684,580000
04-mai-19,90.389999,91.540001,88.320000,91.230003,81.270355,1054600
04-août-19,93.449997,95.500000,92.809998,95.470001,85.047493,1049800
04-sept.-19,94.949997,95.330002,92.519997,92.989998,82.838226,581200
04-oct.-19,93.459999,94.730003,93.029999,94.709999,84.370461,509300
04-nov.-19,95.000000,96.190002,94.290001,94.949997,84.584251,562700
04-déc.-19,95.410004,96.660004,95.059998,96.449997,85.920486,506700
15-avr.-19,96.599998,97.879997,95.809998,96.550003,86.009583,679600
16-avr.-19,97.309998,99.339996,96.339996,98.730003,87.951607,495000
17-avr.-19,99.279999,100.139999,98.209999,98.410004,87.666527,803600
18-avr.-19,98.500000,99.500000,97.739998,98.790001,88.005051,600800
22-avr.-19,98.389999,99.510002,97.879997,98.970001,88.165398,709800
23-avr.-19,100.089996,101.849998,95.839996,97.750000,87.078583,2180300
24-avr.-19,99.169998,99.589996,95.860001,96.779999,86.214470,1421300
25-avr.-19,96.449997,96.989998,94.599998,94.790001,84.441719,944000
26-avr.-19,95.650002,98.489998,94.580002,97.449997,86.811317,801300
29-avr.-19,97.599998,98.680000,96.279999,96.459999,85.929413,787000
30-avr.-19,96.699997,97.080002,94.510002,96.400002,85.875954,765800
05-janv.-19,96.980003,99.480003,96.000000,97.949997,87.256752,900400
05-févr.-19,99.010002,102.110001,98.480003,102.019997,90.882416,875800
05-mars-19,102.480003,103.190002,100.389999,101.290001,90.232109,494800
05-juin-19,99.550003,99.550003,94.260002,96.070000,85.581985,1230600
05-juil.-19,94.720001,96.000000,92.129997,93.019997,82.864952,915300
05-août-19,92.919998,93.779999,90.660004,90.750000,80.842781,1073100
05-sept.-19,89.389999,90.459999,87.629997,89.870003,80.058853,1135900
05-oct.-19,89.489998,89.879997,86.339996,88.760002,79.070015,811800
13-mai-19,85.559998,86.879997,82.440002,86.129997,76.727135,1057700
14-mai-19,86.550003,89.089996,85.820000,88.629997,78.954193,625600
15-mai-19,88.239998,89.320000,87.110001,88.790001,79.096733,456600
16-mai-19,88.989998,90.410004,88.839996,89.199997,79.461983,326900
17-mai-19,88.250000,88.250000,85.750000,85.839996,76.468796,588900
20-mai-19,84.720001,86.040001,84.070000,85.930000,76.548988,439500
21-mai-19,89.349998,90.160004,87.720001,90.019997,80.192474,677100
22-mai-19,88.599998,90.040001,87.550003,89.419998,79.657967,524700
23-mai-19,88.239998,88.239998,85.639999,86.470001,77.030029,544700
24-mai-19,87.370003,87.370003,86.000000,86.339996,76.914207,297300
28-mai-19,86.559998,87.139999,84.730003,84.989998,75.711609,409500
29-mai-19,84.550003,85.070000,83.330002,84.669998,75.426537,304300
30-mai-19,84.750000,86.860001,84.260002,85.330002,76.014473,390900
31-mai-19,83.540001,83.540001,79.010002,79.879997,71.671814,1062000
06-mars-19,79.919998,80.930000,79.750000,80.470001,72.201187,834200
06-avr.-19,81.900002,84.589996,81.370003,84.000000,75.368454,1445900
06-mai-19,84.209999,85.419998,82.739998,84.930000,76.202904,570500
06-juin-19,84.040001,85.980003,82.989998,85.699997,76.893776,607600
06-juil.-19,85.849998,88.160004,85.279999,87.680000,78.670319,633000
06-oct.-19,88.650002,92.669998,88.519997,90.529999,81.227448,652500
06-nov.-19,91.639999,92.230003,89.839996,90.720001,81.397949,610000
06-déc.-19,90.599998,91.550003,88.889999,89.160004,79.998230,385600
13-juin-19,89.650002,90.320000,89.269997,90.269997,80.994171,224000
14-juin-19,89.949997,90.059998,88.570000,89.599998,80.393021,379000
17-juin-19,89.739998,90.449997,88.820000,89.919998,80.680161,346000
18-juin-19,90.989998,93.959999,90.839996,93.400002,83.802551,658800
19-juin-19,93.309998,93.669998,91.529999,91.980003,82.528458,373000
20-juin-19,93.559998,94.550003,92.080002,92.750000,83.219345,322400
21-juin-19,92.459999,93.489998,91.279999,91.839996,82.402855,804900
24-juin-19,92.370003,92.370003,90.580002,90.660004,81.344116,488700
25-juin-19,90.870003,91.269997,86.860001,87.110001,78.158890,649700
26-juin-19,87.589996,89.610001,87.529999,88.839996,79.711105,443700
27-juin-19,89.419998,90.239998,88.370003,88.820000,79.693176,343000
28-juin-19,89.300003,92.269997,89.300003,91.230003,81.855530,1004300
07-janv.-19,92.709999,94.910004,89.720001,90.180000,80.913422,471000
07-févr.-19,89.860001,89.860001,87.120003,87.529999,78.535744,951100
07-mars-19,87.769997,89.559998,87.529999,88.540001,79.441956,418000
07-mai-19,88.040001,88.750000,84.010002,84.190002,75.538940,733700
07-août-19,83.790001,85.860001,83.260002,84.029999,75.395393,814200
07-sept.-19,83.000000,83.190002,81.019997,82.389999,73.923897,1258100
07-oct.-19,83.099998,84.940002,82.110001,84.000000,75.368454,669300
07-nov.-19,84.129997,84.730003,82.870003,83.720001,75.117233,339500
07-déc.-19,84.160004,87.129997,83.879997,86.430000,77.548752,555000
15-juil.-19,86.580002,87.660004,84.860001,86.400002,77.521851,470600
16-juil.-19,86.139999,87.930000,85.580002,87.370003,78.392174,417600
17-juil.-19,87.349998,87.629997,86.169998,86.400002,77.521851,486600
18-juil.-19,86.360001,87.199997,85.040001,85.559998,76.768158,499600
19-juil.-19,85.639999,87.040001,84.150002,84.260002,75.601753,510900
22-juil.-19,83.889999,84.860001,82.440002,82.629997,74.139244,1200700
23-juil.-19,86.879997,93.660004,86.019997,92.389999,82.896339,3253400
24-juil.-19,93.129997,95.860001,92.699997,95.019997,85.256088,1170100
25-juil.-19,94.470001,95.669998,92.830002,93.190002,83.614128,680400
26-juil.-19,93.860001,94.099998,92.370003,93.529999,83.919174,502600
29-juil.-19,92.529999,95.120003,91.889999,94.169998,84.493423,804900
30-juil.-19,93.489998,94.790001,92.220001,94.750000,85.013832,539200
31-juil.-19,96.029999,96.680000,93.760002,94.669998,84.942055,796800
08-janv.-19,94.320000,95.110001,89.180000,91.849998,82.411827,1107500
08-févr.-19,91.099998,93.870003,90.349998,92.300003,82.815590,579600
08-mai-19,89.639999,90.830002,88.300003,89.199997,80.034126,759300
08-juin-19,90.050003,91.279999,88.800003,91.139999,81.774780,439100
08-juil.-19,89.730003,91.440002,88.769997,91.139999,81.774780,359900
08-août-19,91.480003,93.739998,91.110001,92.370003,82.878387,619400
08-sept.-19,91.330002,91.959999,90.279999,91.419998,82.026016,386900
08-déc.-19,90.500000,90.629997,88.519997,89.199997,80.034126,234000
13-août-19,88.410004,92.580002,88.410004,89.559998,80.357140,782800
14-août-19,87.709999,87.709999,83.650002,83.760002,75.153130,731500
15-août-19,84.000000,84.000000,81.000000,81.110001,72.775429,828100
16-août-19,81.889999,84.000000,77.580002,79.910004,71.698730,1647900
19-août-19,81.459999,82.860001,80.980003,82.099998,73.663719,1111000
20-août-19,82.050003,82.120003,80.900002,81.839996,73.430420,563500
21-août-19,83.220001,84.160004,82.559998,82.970001,74.444305,485700
22-août-19,83.000000,83.800003,81.699997,82.550003,74.067459,406400
23-août-19,81.500000,81.500000,77.050003,77.550003,69.581238,745700
26-août-19,78.769997,79.900002,77.580002,78.989998,70.873260,465100
27-août-19,79.839996,79.900002,77.290001,77.750000,69.760681,418800
28-août-19,77.269997,80.080002,77.269997,79.150002,71.016823,378900
29-août-19,80.430000,82.500000,80.430000,81.940002,73.520149,607500
30-août-19,82.239998,82.739998,81.269997,82.019997,74.143890,398400
09-mars-19,81.000000,81.480003,79.000000,80.010002,72.326912,562200
09-avr.-19,81.360001,81.440002,79.750000,80.070000,72.381134,928200
09-mai-19,81.669998,84.580002,81.610001,83.349998,75.346169,1539500
09-juin-19,83.320000,83.519997,78.250000,80.750000,72.995834,2288100
09-sept.-19,81.099998,86.309998,80.739998,86.019997,77.759773,877200
09-oct.-19,86.199997,87.760002,85.300003,87.610001,79.197105,810100
09-nov.-19,88.000000,89.680000,85.529999,89.580002,80.977936,987200
09-déc.-19,89.489998,91.400002,87.900002,90.059998,81.411842,840500
13-sept.-19,90.529999,92.510002,89.599998,90.989998,82.252533,626800
16-sept.-19,89.860001,92.459999,89.150002,90.930000,82.198311,464000
17-sept.-19,90.400002,91.139999,88.739998,90.790001,82.071724,395200
18-sept.-19,90.489998,90.809998,88.129997,89.190002,80.625366,407800
19-sept.-19,89.809998,91.410004,89.540001,89.720001,81.104462,623500
20-sept.-19,90.099998,91.330002,87.540001,88.199997,79.730453,992500
23-sept.-19,87.519997,88.730003,86.580002,87.349998,78.962059,472900
24-sept.-19,87.620003,88.489998,84.370003,85.169998,76.991409,636000
25-sept.-19,85.349998,88.279999,85.349998,87.739998,79.314613,425200
26-sept.-19,87.500000,87.919998,85.550003,86.839996,78.501045,314600
27-sept.-19,87.190002,87.930000,85.709999,86.660004,78.338333,511800
30-sept.-19,87.010002,88.690002,86.900002,88.010002,79.558685,391900
10-janv.-19,88.540001,89.699997,86.730003,87.480003,79.079582,460800
10-févr.-19,86.720001,86.720001,84.540001,84.820000,76.675011,448900
10-mars-19,84.239998,84.860001,82.440002,84.790001,76.647888,541700
10-avr.-19,84.949997,86.629997,84.500000,86.459999,78.157524,403800
10-juil.-19,85.599998,86.059998,83.900002,84.180000,76.096466,455800
10-août-19,83.559998,83.790001,81.970001,82.029999,74.152931,555700
10-sept.-19,83.430000,84.199997,82.629997,83.570000,75.545052,344200
10-oct.-19,83.930000,85.860001,83.809998,84.629997,76.503242,405400
10-nov.-19,86.779999,90.879997,86.779999,89.889999,81.258156,1055000
14-oct.-19,88.889999,89.209999,84.459999,87.980003,79.531578,974800
15-oct.-19,88.529999,91.110001,87.080002,90.269997,81.601654,636900
16-oct.-19,89.660004,90.360001,88.360001,89.790001,81.167747,436100
17-oct.-19,90.480003,90.680000,88.260002,89.570000,80.968880,549800
18-oct.-19,89.199997,91.279999,88.440002,90.580002,81.881897,508300
21-oct.-19,91.750000,92.849998,90.930000,91.400002,82.623169,1338500
22-oct.-19,93.230003,102.669998,93.230003,101.360001,91.626740,2032400
23-oct.-19,101.620003,103.290001,99.709999,101.669998,91.906952,862800
24-oct.-19,101.000000,102.169998,99.290001,100.760002,91.084366,743000
25-oct.-19,100.470001,101.910004,99.660004,101.370003,91.635765,596200
28-oct.-19,101.980003,104.099998,100.860001,100.949997,91.256104,521800
29-oct.-19,100.550003,101.879997,100.300003,101.669998,91.906952,445300
30-oct.-19,101.349998,101.900002,100.709999,101.440002,91.699059,498100
31-oct.-19,101.239998,101.279999,98.000000,98.650002,89.176964,750800
11-janv.-19,100.000000,100.459999,98.720001,99.070000,89.556633,485100
11-avr.-19,100.000000,101.430000,99.250000,100.900002,91.210899,500200
11-mai-19,101.330002,103.989998,100.930000,103.080002,93.181564,1324900
11-juin-19,102.790001,103.930000,101.099998,101.709999,91.943115,501600
11-juil.-19,102.949997,104.250000,102.209999,103.389999,93.461800,1165300
11-août-19,102.930000,104.040001,102.000000,103.440002,93.506973,360200
11-nov.-19,102.410004,103.620003,101.779999,102.839996,92.964592,268500
11-déc.-19,103.000000,103.489998,102.199997,103.269997,93.353310,528300
13-nov.-19,102.589996,103.160004,101.559998,102.129997,92.322777,413800
14-nov.-19,101.889999,102.510002,100.930000,100.970001,91.274193,364300
15-nov.-19,102.070000,102.480003,101.330002,102.290001,92.467407,218600
18-nov.-19,101.769997,102.669998,100.989998,102.080002,92.277596,268300
19-nov.-19,102.000000,102.750000,101.389999,101.599998,91.843674,308700
20-nov.-19,100.760002,100.849998,97.239998,97.419998,88.065086,718600
21-nov.-19,97.800003,98.720001,96.820000,97.320000,87.974670,354000
22-nov.-19,97.769997,98.709999,97.349998,97.739998,88.354347,262000
25-nov.-19,98.309998,100.410004,98.139999,100.089996,90.478668,429200
26-nov.-19,100.199997,100.839996,99.400002,99.919998,90.325005,379700
27-nov.-19,100.599998,100.949997,99.089996,100.199997,90.578117,213800
29-nov.-19,99.300003,99.570000,97.410004,97.699997,88.859123,168200
12-févr.-19,97.940002,98.779999,95.440002,95.930000,87.249313,484300
12-mars-19,93.410004,94.980003,92.980003,94.809998,86.230652,392000
12-avr.-19,95.680000,97.239998,95.500000,96.320000,87.604034,418100
12-mai-19,96.000000,96.510002,92.739998,94.410004,85.866867,1044500
12-juin-19,95.839996,96.980003,95.309998,95.500000,86.858223,795600
12-sept.-19,95.400002,96.940002,95.169998,96.300003,87.585823,559500
12-oct.-19,95.949997,97.239998,95.139999,96.980003,88.204300,382400
12-nov.-19,97.169998,99.349998,96.639999,98.980003,90.023331,641900
12-déc.-19,99.029999,102.660004,98.199997,102.279999,93.024704,602300
13-déc.-19,102.739998,104.370003,97.269997,98.860001,89.914177,1228800
16-déc.-19,100.139999,101.510002,99.250000,99.860001,90.823692,1188800
17-déc.-19,100.260002,101.120003,99.800003,100.419998,91.333023,803200
18-déc.-19,101.040001,101.099998,99.870003,99.959999,90.914635,445600
19-déc.-19,99.769997,100.480003,98.919998,98.970001,90.014236,421500
20-déc.-19,99.379997,100.540001,98.440002,99.290001,90.305260,1770400
23-déc.-19,99.510002,101.669998,98.459999,101.529999,92.342560,633200
24-déc.-19,102.000000,102.059998,100.000000,101.500000,92.315277,382700
26-déc.-19,101.330002,101.800003,100.870003,101.220001,92.060631,238700
27-déc.-19,101.910004,102.290001,100.720001,101.379997,92.206139,549900
30-déc.-19,101.349998,103.050003,100.970001,101.930000,92.706390,324100
31-déc.-19,101.529999,102.849998,101.529999,101.699997,92.497185,391100
01-févr.-20,102.910004,103.089996,101.910004,103.029999,93.706841,451700
01-mars-20,101.250000,102.320000,100.570000,101.029999,91.887810,629700
01-juin-20,99.300003,99.500000,96.440002,97.080002,88.295258,1001200
01-juil.-20,97.059998,97.430000,92.339996,95.010002,86.412552,1221300
01-août-20,94.790001,95.370003,93.860001,94.589996,86.030563,668700
01-sept.-20,95.279999,96.940002,94.320000,94.989998,86.394363,839200
01-oct.-20,95.110001,95.309998,91.800003,92.330002,83.975090,790200
13-janv.-20,92.699997,95.029999,92.339996,94.639999,86.076042,487900
14-janv.-20,94.519997,96.070000,94.300003,95.029999,86.430748,507000
15-janv.-20,94.440002,95.089996,93.400002,93.959999,85.457588,424800
16-janv.-20,94.860001,95.449997,93.750000,94.419998,85.875954,725500
17-janv.-20,92.699997,94.000000,91.820000,93.080002,84.657196,762600
21-janv.-20,92.120003,92.940002,90.699997,91.699997,83.402077,570600
22-janv.-20,92.220001,93.599998,91.940002,92.900002,84.493492,651500
23-janv.-20,92.300003,93.120003,90.949997,92.900002,84.493492,815400
24-janv.-20,93.440002,93.480003,90.589996,91.830002,83.520348,618500
27-janv.-20,90.199997,92.330002,89.739998,90.980003,82.747246,937800
28-janv.-20,98.000000,102.739998,91.419998,96.209999,87.503975,3680200
29-janv.-20,97.190002,97.690002,94.279999,94.540001,85.985085,1012100
30-janv.-20,93.760002,95.489998,92.769997,94.500000,85.948708,680000
31-janv.-20,94.379997,94.379997,91.419998,91.839996,83.529411,820200
02-mars-20,92.680000,94.010002,91.470001,91.760002,83.456657,464100
02-avr.-20,93.419998,94.139999,91.940002,92.089996,83.756790,635700
02-mai-20,94.000000,95.839996,93.400002,94.750000,86.176109,719700
02-juin-20,95.010002,95.430000,92.000000,92.410004,84.047836,669900
02-juil.-20,91.699997,91.889999,89.699997,90.379997,82.201523,703000
02-oct.-20,90.000000,91.040001,89.919998,90.389999,82.210632,614200
02-nov.-20,91.000000,93.320000,90.610001,92.980003,84.566246,637800
02-déc.-20,93.910004,95.790001,93.910004,95.000000,86.403465,666600
13-févr.-20,94.080002,94.989998,93.510002,94.669998,86.103325,449600
14-févr.-20,95.019997,95.160004,92.830002,93.900002,85.403015,456300
18-févr.-20,93.540001,94.570000,92.820000,93.860001,85.366623,625800
19-févr.-20,94.540001,94.739998,93.050003,93.080002,84.657196,809100
20-févr.-20,92.970001,94.540001,92.519997,94.519997,85.966919,504800
21-févr.-20,93.459999,93.459999,90.820000,91.430000,83.156525,773200
24-févr.-20,87.910004,88.089996,86.150002,86.510002,78.681740,754100
25-févr.-20,87.080002,87.080002,83.269997,83.820000,76.235153,780500
26-févr.-20,85.029999,85.870003,83.050003,83.300003,75.762199,538100
27-févr.-20,80.870003,86.879997,80.320000,83.379997,75.834961,1047300
28-févr.-20,79.870003,83.050003,79.620003,82.529999,75.624207,1078700
03-févr.-20,82.959999,85.080002,80.550003,85.070000,77.951683,864600
03-mars-20,85.180000,86.940002,81.480003,84.449997,77.383553,837100
03-avr.-20,86.699997,92.820000,86.099998,92.480003,84.741638,1635900
03-mai-20,89.199997,89.540001,84.160004,86.019997,78.822174,1165000
03-juin-20,82.800003,86.820000,82.339996,85.589996,78.428131,888800
03-sept.-20,78.809998,79.370003,70.639999,73.410004,67.267349,1738800
03-oct.-20,75.169998,76.949997,70.110001,76.339996,69.952156,989800
03-nov.-20,74.099998,74.980003,71.400002,72.480003,66.415154,685400
03-déc.-20,67.639999,67.639999,59.840000,60.279999,55.236000,1028900
13-mars-20,64.639999,68.809998,60.299999,68.519997,62.786507,1046800
16-mars-20,57.560001,64.989998,54.360001,55.130001,50.516937,1013700
17-mars-20,56.400002,57.000000,50.360001,54.580002,50.012955,1030500
18-mars-20,50.009998,52.099998,46.400002,50.119999,45.926151,1170700
19-mars-20,49.070000,54.480000,45.599998,52.750000,48.336086,822100
20-mars-20,53.000000,56.470001,48.139999,48.490002,44.432541,974500
23-mars-20,47.900002,47.900002,41.139999,41.770000,38.274853,913700
24-mars-20,44.509998,47.180000,43.830002,46.930000,43.003075,1183400
25-mars-20,48.060001,54.430000,45.849998,48.279999,44.240108,1675900
26-mars-20,49.259998,55.919998,48.369999,53.090000,48.647633,1003300
27-mars-20,50.320000,50.540001,46.759998,47.439999,43.470409,1002200
30-mars-20,46.450001,47.759998,45.250000,47.169998,43.222992,834000
31-mars-20,47.220001,49.180000,46.619999,48.150002,44.120995,1452700
04-janv.-20,46.320000,48.459999,45.349998,46.119999,42.260853,824900
04-févr.-20,45.000000,48.520000,43.889999,44.740002,40.996334,938600
04-mars-20,42.439999,44.000000,37.349998,39.000000,35.736626,2112000
04-juin-20,41.410000,44.810001,40.660000,43.860001,40.189964,1602900
04-juil.-20,47.160000,50.459999,47.000000,48.720001,44.643303,1739400
04-août-20,49.630001,53.119999,48.700001,52.889999,48.464375,1363200
04-sept.-20,55.549999,57.950001,54.590000,56.000000,51.314133,1922300
13-avr.-20,56.750000,58.110001,52.419998,54.060001,49.536469,1152800
14-avr.-20,55.369999,56.849998,54.270000,56.419998,51.698982,1339900
15-avr.-20,53.490002,55.270000,53.009998,54.560001,49.994633,940300
16-avr.-20,54.529999,55.689999,53.520000,55.400002,50.764343,1137800
17-avr.-20,57.990002,60.900002,57.480000,60.049999,55.025246,1416300
20-avr.-20,59.480000,61.590000,58.169998,59.049999,54.108921,1198300
21-avr.-20,58.029999,59.560001,57.240002,59.119999,54.173058,979800
22-avr.-20,60.459999,60.910000,58.369999,59.259998,54.301353,751000
23-avr.-20,59.840000,62.750000,59.320000,61.470001,56.326427,1186800
24-avr.-20,62.889999,64.080002,61.220001,63.330002,58.030792,1352900
27-avr.-20,65.000000,69.669998,63.750000,67.510002,61.861015,1602700
28-avr.-20,69.449997,72.489998,66.559998,70.000000,64.142677,2289500
29-avr.-20,73.059998,76.360001,72.260002,75.070000,68.788452,1420700
30-avr.-20,73.639999,74.389999,70.040001,70.930000,64.994850,3407300
05-janv.-20,68.660004,69.580002,65.050003,65.639999,60.147499,1174900
05-avr.-20,64.599998,68.620003,63.160000,67.620003,61.961823,1099500
05-mai-20,69.680000,72.250000,68.660004,69.099998,63.317970,1052300
05-juin-20,70.019997,70.910004,67.669998,68.279999,62.566589,1171600
05-juil.-20,69.500000,71.040001,68.000000,68.239998,62.529934,645600
05-août-20,69.980003,73.169998,69.330002,72.930000,66.827484,1220700
05-nov.-20,71.050003,74.410004,69.849998,73.410004,67.267349,993600
05-déc.-20,73.599998,74.970001,69.269997,69.349998,63.547047,682300
13-mai-20,68.790001,68.900002,64.150002,65.540001,60.055862,1183900
14-mai-20,63.240002,71.129997,62.090000,70.980003,65.040665,2561600
15-mai-20,69.260002,74.220001,68.489998,73.949997,67.762154,1743700
18-mai-20,78.120003,82.320000,77.800003,79.559998,72.902725,1301000
19-mai-20,78.980003,81.269997,77.610001,79.400002,72.756119,719900
20-mai-20,81.000000,84.430000,80.500000,82.589996,75.679169,1337600
21-mai-20,82.080002,83.599998,81.410004,83.059998,76.109863,841000
22-mai-20,82.790001,84.070000,81.379997,83.720001,76.714630,828500
26-mai-20,87.180000,88.110001,84.900002,86.110001,78.904655,1253900
27-mai-20,90.000000,91.000000,87.790001,90.889999,83.284683,1184000
28-mai-20,91.989998,92.250000,87.639999,88.830002,81.397041,1557200
29-mai-20,89.389999,89.800003,84.730003,87.339996,80.031723,4070100
06-janv.-20,88.040001,90.690002,87.070000,89.260002,81.791061,882300
06-févr.-20,90.209999,91.309998,88.860001,89.239998,81.772743,1016900
06-mars-20,92.000000,92.949997,90.099998,92.430000,84.695808,1062700
06-avr.-20,91.260002,96.199997,90.419998,95.800003,88.376625,1276800
06-mai-20,99.699997,104.220001,96.379997,96.910004,89.400642,1462100
06-août-20,98.930000,102.510002,98.639999,102.349998,94.419090,1178500
06-sept.-20,99.980003,100.260002,97.089996,99.970001,92.223511,887700
06-oct.-20,100.099998,100.480003,96.160004,96.190002,88.736420,660100
06-nov.-20,92.680000,94.910004,91.059998,92.620003,85.443062,1103400
06-déc.-20,97.629997,97.919998,92.120003,94.790001,87.444893,972700
15-juin-20,90.959999,97.070000,90.160004,95.860001,88.431992,665900
16-juin-20,100.000000,100.000000,96.010002,97.330002,89.788078,637900
17-juin-20,97.839996,98.510002,95.669998,96.629997,89.142319,640900
18-juin-20,95.459999,95.690002,93.419998,94.120003,86.826813,839300
19-juin-20,95.169998,96.370003,93.720001,94.010002,86.725342,1344800
22-juin-20,93.830002,95.260002,92.269997,95.099998,87.730888,607600
23-juin-20,96.209999,96.540001,93.669998,95.360001,87.970734,594900
24-juin-20,94.419998,94.419998,89.949997,91.459999,84.372948,700500
25-juin-20,90.879997,93.449997,90.290001,93.000000,85.793594,536700
26-juin-20,92.000000,92.260002,89.510002,89.970001,82.998398,1585900
29-juin-20,90.540001,93.230003,88.680000,92.260002,85.110954,642200
30-juin-20,91.550003,93.750000,91.279999,92.550003,85.378471,500000
07-janv.-20,92.870003,93.620003,90.339996,90.910004,83.865547,483400
07-févr.-20,92.900002,94.570000,91.029999,91.709999,84.603577,722200
07-juin-20,94.610001,96.019997,93.449997,95.000000,87.638626,765800
07-juil.-20,93.500000,94.639999,91.660004,91.919998,84.797272,647700
07-août-20,93.120003,94.959999,92.620003,94.050003,86.762245,549500
07-sept.-20,94.449997,94.449997,91.360001,92.080002,84.944901,617000
07-oct.-20,91.830002,94.120003,91.570000,94.059998,86.771454,405400
13-juil.-20,96.209999,98.370003,94.419998,95.730003,88.312073,1015200
14-juil.-20,95.360001,97.660004,94.370003,97.620003,90.055618,421700
15-juil.-20,99.529999,101.309998,97.910004,100.959999,93.136810,781400
16-juil.-20,98.800003,100.839996,97.769997,99.739998,92.011330,501200
17-juil.-20,100.089996,100.089996,96.169998,96.480003,89.003967,869200
20-juil.-20,95.910004,96.629997,94.209999,95.459999,88.062973,749300
21-juil.-20,96.940002,98.300003,96.239998,97.389999,89.843414,493800
22-juil.-20,97.070000,97.870003,96.459999,97.330002,89.788078,540000
23-juil.-20,97.169998,98.769997,95.029999,96.070000,88.625710,695500
24-juil.-20,95.919998,96.230003,94.980003,95.440002,88.044525,738100
27-juil.-20,95.129997,98.190002,94.309998,97.970001,90.378487,1378400
28-juil.-20,103.660004,108.980003,103.620003,105.260002,97.103592,3442700
29-juil.-20,108.139999,108.389999,105.470001,106.279999,98.044563,1531000
30-juil.-20,104.209999,107.000000,102.370003,104.239998,96.162628,1210700
31-juil.-20,104.000000,104.000000,100.309998,103.629997,95.599899,3704100
08-mars-20,103.830002,106.599998,103.800003,105.919998,97.712463,743400
08-avr.-20,105.260002,106.160004,104.540001,105.230003,97.075912,587200
08-mai-20,106.000000,108.139999,105.809998,107.160004,98.856377,602000
08-juin-20,107.000000,107.459999,103.660004,103.849998,95.802849,676800
08-juil.-20,103.440002,105.540001,102.680000,105.430000,97.260406,516500
08-oct.-20,105.250000,106.779999,104.760002,105.309998,97.149719,475200
08-nov.-20,106.870003,109.379997,106.320000,107.260002,98.948616,1020900
08-déc.-20,108.330002,110.300003,106.910004,107.160004,98.856377,667800
13-août-20,106.790001,109.489998,106.000000,107.620003,99.280731,493100
14-août-20,106.129997,106.570000,102.599998,103.099998,95.110977,611900
17-août-20,102.599998,105.750000,102.510002,104.949997,96.817627,504000
18-août-20,105.320000,105.500000,103.519997,103.900002,95.848984,510500
19-août-20,103.790001,105.650002,103.320000,103.500000,95.479988,322000
20-août-20,102.400002,103.580002,101.360001,101.949997,94.050087,464300
21-août-20,101.349998,102.339996,100.410004,100.830002,93.016861,708600
24-août-20,101.540001,104.529999,100.849998,103.660004,95.627586,576400
25-août-20,103.720001,104.459999,102.680000,103.650002,95.618340,801400
26-août-20,104.080002,105.500000,102.820000,104.059998,95.996597,796800
27-août-20,104.980003,106.389999,103.959999,104.120003,96.051941,414100
28-août-20,104.849998,104.959999,103.400002,104.230003,96.153412,301200
31-août-20,104.150002,104.150002,100.989998,101.040001,93.768372,677100
09-janv.-20,100.260002,103.949997,99.510002,103.900002,96.422546,542100
09-févr.-20,104.089996,106.989998,102.639999,106.690002,99.011742,563800
09-mars-20,106.500000,106.500000,98.769997,99.370003,92.218552,676500
09-avr.-20,100.610001,101.220001,94.660004,98.699997,91.596764,579200
09-août-20,93.050003,97.360001,92.419998,94.110001,87.337105,1050600
09-sept.-20,95.830002,96.290001,93.010002,93.930000,87.170067,783400
09-oct.-20,94.860001,96.660004,92.669998,92.930000,86.242020,586600
09-nov.-20,94.250000,94.599998,91.769997,92.669998,86.000732,379600
14-sept.-20,93.410004,94.339996,92.900002,93.889999,87.132942,982400
15-sept.-20,95.360001,96.739998,92.570000,92.779999,86.102821,730400
16-sept.-20,93.879997,94.550003,91.570000,92.040001,85.416077,792900
17-sept.-20,90.510002,92.120003,89.570000,91.300003,84.729324,648500
18-sept.-20,91.669998,92.000000,89.169998,89.580002,83.133118,1302300
21-sept.-20,88.000000,89.050003,86.669998,87.870003,81.546211,583000
22-sept.-20,88.750000,91.309998,87.949997,90.900002,84.358124,604900
23-sept.-20,91.779999,93.150002,88.699997,88.739998,82.353561,936200
24-sept.-20,88.849998,91.849998,87.389999,90.449997,83.940506,682300
25-sept.-20,90.000000,92.190002,89.669998,90.839996,84.302444,601600
28-sept.-20,92.589996,93.040001,91.480003,92.080002,85.453201,443300
29-sept.-20,96.040001,96.129997,90.220001,91.309998,84.738602,1165300
30-sept.-20,93.180000,96.650002,92.919998,94.339996,87.550545,1670800
10-janv.-20,95.650002,96.809998,93.809998,94.540001,87.736160,573600
10-févr.-20,91.580002,99.849998,91.580002,98.830002,91.717415,664600
10-mai-20,102.389999,103.910004,100.559998,102.029999,94.687119,668100
10-juin-20,102.260002,103.919998,101.050003,101.419998,94.121017,682500
10-juil.-20,102.500000,104.330002,102.459999,104.000000,96.515350,566500
10-août-20,105.000000,105.000000,99.769997,101.059998,93.786911,729500
10-sept.-20,101.500000,101.809998,99.580002,99.879997,92.691849,369100
10-déc.-20,100.779999,101.150002,96.570000,97.320000,90.316078,1087700
13-oct.-20,96.919998,99.000000,96.139999,97.610001,90.585228,693500
14-oct.-20,98.199997,98.720001,94.980003,95.160004,88.311531,549300
15-oct.-20,93.620003,97.690002,93.570000,97.279999,90.278969,472100
16-oct.-20,97.120003,97.720001,96.000000,96.050003,89.137482,432900
19-oct.-20,96.410004,97.410004,94.260002,94.449997,87.652626,382300
20-oct.-20,95.550003,98.230003,95.370003,95.500000,88.627075,447000
21-oct.-20,96.279999,96.690002,90.190002,90.250000,83.754898,1022300
22-oct.-20,90.750000,92.940002,89.610001,91.800003,85.193352,834800
23-oct.-20,92.870003,93.660004,90.190002,91.669998,85.072708,843300
26-oct.-20,90.699997,92.080002,88.680000,91.550003,84.961349,884000
27-oct.-20,90.839996,96.559998,88.839996,92.040001,85.416077,1226800
28-oct.-20,90.010002,94.680000,89.500000,92.379997,85.731590,728400
29-oct.-20,92.849998,94.419998,91.180000,91.309998,84.738602,758800
30-oct.-20,90.930000,92.099998,88.769997,90.860001,84.320984,1002400
11-févr.-20,91.589996,93.300003,90.949997,92.849998,86.167786,638100
11-mars-20,94.160004,95.129997,93.029999,94.169998,87.392769,668800
11-avr.-20,93.059998,97.400002,92.099998,95.480003,88.608505,536000
11-mai-20,96.839996,101.269997,96.529999,100.370003,93.146584,713100
11-juin-20,100.690002,101.699997,97.360001,97.739998,90.705856,602500
11-sept.-20,102.820000,103.989998,89.120003,89.190002,82.771194,1908500
11-oct.-20,89.959999,95.059998,89.349998,92.879997,86.195618,1071200
11-nov.-20,93.949997,94.839996,91.790001,94.760002,87.940338,622700
11-déc.-20,93.830002,94.449997,90.290001,90.919998,84.376686,674100
13-nov.-20,92.059998,94.239998,92.059998,93.209999,86.501877,670700
16-nov.-20,94.000000,96.599998,93.820000,96.459999,89.517982,763400
17-nov.-20,95.669998,97.339996,93.730003,97.010002,90.028389,469100
18-nov.-20,92.000000,93.690002,90.529999,90.879997,84.339561,1732800
19-nov.-20,91.330002,92.430000,90.050003,92.000000,85.378975,778700
20-nov.-20,91.809998,92.260002,90.309998,91.910004,85.295448,805500
23-nov.-20,92.940002,95.449997,92.529999,94.790001,87.968163,625800
24-nov.-20,96.000000,97.150002,93.059998,95.330002,88.469322,701100
25-nov.-20,95.889999,96.129997,94.139999,95.660004,88.775558,749400
27-nov.-20,95.750000,96.709999,95.000000,95.540001,88.664185,247100
30-nov.-20,95.540001,96.970001,93.419998,96.000000,89.673004,681600
12-janv.-20,96.970001,99.339996,96.059998,99.110001,92.578033,659800
12-févr.-20,98.279999,99.370003,96.339996,97.360001,90.943390,914600
12-mars-20,97.010002,98.169998,96.199997,96.449997,90.093353,489200
12-avr.-20,97.160004,97.430000,95.110001,97.000000,90.607117,415500
12-juil.-20,96.849998,96.849998,94.019997,95.620003,89.318062,578000
12-août-20,95.050003,95.279999,93.400002,94.269997,88.057037,561600
12-sept.-20,94.720001,95.599998,93.940002,94.930000,88.673531,556400
12-oct.-20,93.900002,95.209999,93.019997,94.870003,88.617485,512000
12-nov.-20,94.489998,95.440002,92.580002,93.860001,87.674049,502700
14-déc.-20,95.080002,96.199997,94.389999,94.529999,88.299896,485000
15-déc.-20,95.150002,96.290001,94.400002,96.070000,89.738388,822100
16-déc.-20,96.849998,97.300003,95.769997,96.389999,90.037308,389800
17-déc.-20,96.309998,98.430000,95.949997,97.000000,90.607117,559000
18-déc.-20,97.690002,99.610001,97.529999,99.220001,92.680794,1273100
21-déc.-20,97.650002,99.190002,96.559998,98.769997,92.260452,373200
22-déc.-20,99.250000,101.629997,98.330002,100.589996,93.960503,509900
23-déc.-20,100.980003,101.769997,99.279999,99.559998,92.998383,429300
24-déc.-20,99.959999,99.959999,98.050003,98.730003,92.223091,147200
28-déc.-20,99.820000,100.129997,97.309998,97.900002,91.447792,289600
29-déc.-20,97.839996,97.970001,95.080002,95.709999,89.402138,370100
30-déc.-20,96.320000,97.570000,95.650002,96.800003,90.420288,399700
31-déc.-20,96.110001,96.110001,94.739998,95.279999,89.000465,445000
01-avr.-21,96.150002,96.519997,94.419998,95.709999,89.402138,454500
01-mai-21,95.699997,98.629997,95.599998,98.260002,91.784065,637500
01-juin-21,98.980003,105.800003,98.050003,105.760002,98.789764,831100
01-juil.-21,105.800003,107.680000,105.379997,105.419998,98.472176,683100
01-août-21,106.769997,106.769997,103.169998,104.860001,97.949089,461900
01-nov.-21,102.750000,107.639999,102.190002,106.739998,99.705193,435200
01-déc.-21,106.940002,111.150002,106.900002,110.220001,102.955826,731700
13-janv.-21,109.889999,110.150002,107.029999,107.660004,100.564552,350600
14-janv.-21,108.709999,109.760002,106.699997,106.879997,99.835960,379300
15-janv.-21,106.150002,108.099998,104.559998,107.919998,100.807411,474300
19-janv.-21,109.120003,113.430000,107.910004,113.209999,105.748772,865200
20-janv.-21,116.970001,121.349998,115.769997,117.000000,109.288986,1485500
21-janv.-21,119.110001,120.070000,116.919998,117.739998,109.980209,635400
22-janv.-21,116.839996,118.760002,115.970001,118.730003,110.904976,545200
25-janv.-21,118.949997,123.779999,117.000000,119.500000,111.624222,1500000
26-janv.-21,126.510002,129.000000,117.690002,123.680000,115.528725,2379600
27-janv.-21,123.440002,125.610001,116.129997,117.370003,109.634598,1184100
28-janv.-21,117.129997,120.209999,116.709999,117.650002,109.896149,1363700
29-janv.-21,117.449997,119.879997,115.610001,116.669998,108.980751,1361000
02-janv.-21,117.650002,118.199997,112.589996,114.260002,106.729568,1570100
02-févr.-21,115.099998,116.290001,112.389999,115.480003,107.869179,745400
02-mars-21,115.830002,118.629997,112.599998,118.440002,110.634087,1359700
02-avr.-21,118.730003,120.000000,117.370003,119.000000,111.157158,668200
02-mai-21,119.430000,120.800003,117.910004,118.570000,110.755531,721700
02-août-21,119.349998,122.139999,118.419998,122.080002,114.034180,634400
02-sept.-21,122.160004,123.260002,120.180000,121.699997,113.679230,617900
02-oct.-21,122.779999,124.889999,121.820000,123.400002,115.267181,538600
02-nov.-21,123.430000,125.870003,123.139999,124.480003,116.276009,760700
02-déc.-21,123.360001,124.790001,121.720001,122.180000,114.127594,439800
16-févr.-21,122.139999,124.290001,118.889999,119.680000,111.792358,828600
17-févr.-21,118.010002,119.430000,116.760002,118.110001,110.325821,572500
18-févr.-21,117.680000,118.809998,115.000000,117.290001,109.559891,527100
19-févr.-21,117.519997,122.000000,117.519997,121.860001,113.828682,622900
22-févr.-21,120.779999,123.559998,120.650002,120.830002,112.866562,670900
23-févr.-21,119.000000,123.459999,116.760002,122.949997,114.846840,645900
24-févr.-21,123.000000,126.699997,122.430000,126.110001,117.798576,643000
25-févr.-21,125.760002,126.949997,121.040001,121.360001,113.361633,610700
26-févr.-21,120.349998,121.339996,116.949997,117.760002,110.572891,808900
03-janv.-21,120.080002,125.779999,120.080002,124.349998,116.760704,711500
03-févr.-21,124.839996,125.309998,121.980003,122.889999,115.389801,1282800
03-mars-21,123.970001,125.629997,121.360001,122.809998,115.314690,518500
03-avr.-21,121.690002,124.620003,119.019997,122.510002,115.032990,1387700
03-mai-21,123.709999,130.350006,121.300003,129.479996,121.577591,1700800
03-août-21,130.000000,137.110001,130.000000,134.220001,126.028297,1540400
03-sept.-21,137.300003,137.679993,133.250000,133.770004,125.605774,1537300
03-oct.-21,134.240005,135.979996,132.190002,133.389999,125.248978,784300
03-nov.-21,135.000000,136.949997,134.490005,136.679993,128.338165,612300
03-déc.-21,135.910004,137.759995,135.910004,137.100006,128.732559,613200
15-mars-21,137.880005,140.929993,136.460007,140.509995,131.934448,1288400
16-mars-21,140.729996,140.729996,136.639999,137.039993,128.676208,940600
17-mars-21,135.970001,136.509995,132.139999,136.039993,127.737228,699000
18-mars-21,135.820007,137.229996,132.759995,133.190002,125.061165,635300
19-mars-21,134.240005,136.660004,132.399994,135.380005,127.117531,3108700
22-mars-21,139.289993,139.369995,134.110001,136.089996,127.784187,654600
23-mars-21,133.710007,135.759995,128.369995,129.479996,121.577591,553200
24-mars-21,132.589996,133.229996,126.190002,126.550003,118.826431,1318300
25-mars-21,124.599998,130.850006,123.099998,130.339996,122.385124,690700
26-mars-21,131.919998,134.160004,130.050003,133.820007,125.652740,581200
29-mars-21,134.100006,136.270004,132.270004,133.199997,125.070580,569800
30-mars-21,133.389999,135.800003,130.179993,135.550003,127.277145,568500
31-mars-21,136.059998,136.860001,132.279999,133.500000,125.352249,568800
04-janv.-21,134.660004,135.300003,132.970001,134.929993,126.694969,444900
04-mai-21,136.630005,137.889999,135.339996,137.619995,129.220795,385500
04-juin-21,137.399994,139.470001,136.149994,136.649994,128.309998,831800
04-juil.-21,136.639999,139.009995,135.509995,137.610001,129.211411,500700
04-août-21,137.729996,138.570007,136.500000,137.779999,129.371033,526100
04-sept.-21,138.500000,138.929993,137.669998,138.320007,129.878098,686000
04-déc.-21,139.410004,142.130005,138.500000,141.429993,132.798264,613400
13-avr.-21,140.100006,143.309998,138.570007,143.029999,134.300644,752500
14-avr.-21,143.759995,147.529999,143.259995,144.960007,136.112854,662800
15-avr.-21,145.669998,146.199997,142.429993,142.990005,134.263077,620500
16-avr.-21,144.149994,145.169998,142.949997,145.020004,136.169189,594200
19-avr.-21,145.429993,146.240005,143.080002,144.509995,135.690308,666500
20-avr.-21,144.500000,145.869995,141.330002,143.000000,134.272461,370200
21-avr.-21,142.740005,145.000000,141.889999,144.699997,135.868713,514300
22-avr.-21,145.419998,147.559998,142.899994,145.089996,136.234879,478500
23-avr.-21,146.550003,147.729996,145.100006,146.449997,137.511887,583400
26-avr.-21,146.699997,147.220001,143.610001,144.919998,136.075272,860800
27-avr.-21,139.500000,145.139999,136.949997,143.250000,134.507172,1285000
28-avr.-21,143.929993,143.929993,136.429993,137.750000,129.342865,898100
29-avr.-21,138.800003,139.259995,136.020004,137.520004,129.126923,986200
30-avr.-21,137.779999,140.740005,137.039993,140.029999,131.483704,1622800
05-mars-21,142.009995,143.970001,140.880005,142.720001,134.009537,432400
05-avr.-21,142.220001,142.589996,139.779999,142.279999,133.596375,441100
05-mai-21,143.550003,143.850006,140.520004,141.000000,132.394531,425900
05-juin-21,141.339996,143.570007,140.889999,143.570007,134.807663,437200
05-juil.-21,143.910004,145.240005,142.690002,144.520004,135.699692,347000
05-oct.-21,145.229996,145.789993,141.250000,141.259995,132.638641,516300
05-nov.-21,138.839996,141.630005,137.059998,141.300003,132.676224,657400
05-déc.-21,140.550003,140.550003,130.850006,131.410004,123.389809,855100
13-mai-21,132.000000,135.559998,131.800003,134.419998,126.216125,572800
14-mai-21,136.039993,136.869995,133.710007,134.410004,126.206718,701800
17-mai-21,134.399994,134.750000,131.009995,132.600006,124.507195,639300
18-mai-21,133.500000,135.100006,130.580002,130.800003,122.817047,425000
19-mai-21,128.419998,131.570007,127.239998,131.080002,123.079948,700700
20-mai-21,131.080002,131.759995,128.240005,129.139999,121.258354,757000
21-mai-21,128.500000,130.000000,127.720001,129.000000,121.126892,1001800
24-mai-21,130.169998,130.169998,128.000000,128.889999,121.023621,965000
25-mai-21,129.179993,131.490005,128.610001,130.139999,122.197311,1068100
26-mai-21,130.050003,131.869995,130.000000,131.080002,123.079948,544800
27-mai-21,132.279999,132.679993,129.880005,132.100006,124.037720,568300
28-mai-21,132.080002,132.080002,130.479996,131.220001,123.801849,470400
06-janv.-21,132.000000,134.770004,131.509995,133.600006,126.047302,574800
06-févr.-21,132.039993,132.679993,125.239998,128.039993,120.801605,2374000
06-mars-21,128.100006,128.679993,124.430000,125.070000,117.999504,1685800
06-avr.-21,125.769997,126.349998,122.669998,125.550003,118.452377,1270600
06-juil.-21,125.360001,126.000000,123.320000,124.940002,117.876854,956800
06-août-21,125.589996,125.970001,123.309998,125.610001,118.508980,720500
06-sept.-21,125.370003,125.739998,123.430000,123.800003,116.801308,600000
06-oct.-21,124.910004,128.660004,124.589996,127.339996,120.141174,1261900
06-nov.-21,127.769997,131.410004,127.760002,131.089996,123.679184,1020400
14-juin-21,131.149994,132.630005,128.419998,129.559998,122.235672,1301300
15-juin-21,129.589996,131.330002,128.750000,130.699997,123.311218,852000
16-juin-21,130.660004,132.119995,128.520004,131.729996,124.282997,794600
17-juin-21,131.660004,132.500000,129.149994,131.520004,124.084869,1464700
18-juin-21,130.059998,132.220001,129.220001,130.990005,123.584839,2376200
21-juin-21,131.889999,133.910004,129.449997,132.770004,125.264214,727300
22-juin-21,133.429993,135.220001,131.710007,133.789993,126.226540,1059800
23-juin-21,134.800003,134.800003,130.270004,130.470001,123.094231,829100
24-juin-21,131.110001,132.289993,129.630005,132.220001,124.745293,822000
25-juin-21,132.389999,135.460007,131.729996,133.860001,126.292595,1349900
28-juin-21,133.869995,135.089996,132.000000,134.419998,126.820923,509500
29-juin-21,135.399994,136.740005,134.600006,135.910004,128.226700,503600
30-juin-21,135.160004,137.429993,134.490005,136.960007,129.217361,604500
07-janv.-21,132.000000,134.880005,130.559998,134.330002,126.736015,967700
07-févr.-21,135.000000,136.460007,134.460007,135.300003,127.651199,622000
07-juin-21,134.710007,135.460007,131.690002,133.809998,126.245415,625000
07-juil.-21,134.179993,135.529999,132.910004,134.699997,127.085098,367800
07-août-21,133.000000,134.750000,130.470001,133.309998,125.773682,429200
07-sept.-21,134.660004,136.309998,134.279999,136.149994,128.453125,450400
07-déc.-21,135.940002,136.669998,134.289993,135.720001,128.047424,546700
13-juil.-21,135.100006,135.619995,130.000000,130.669998,123.282928,650900
14-juil.-21,130.020004,132.110001,129.509995,130.949997,123.547073,465000
15-juil.-21,130.190002,130.869995,128.279999,129.889999,122.547005,345100
16-juil.-21,130.710007,131.490005,127.620003,127.790001,120.565735,314900
19-juil.-21,126.339996,128.440002,125.070000,128.100006,120.858223,664000
20-juil.-21,129.550003,135.490005,128.520004,134.880005,127.254929,702900
21-juil.-21,135.389999,136.929993,133.589996,135.250000,127.604034,439200
22-juil.-21,135.479996,135.720001,133.300003,133.809998,126.245415,316300
23-juil.-21,135.000000,137.000000,133.429993,134.220001,126.632240,672600
26-juil.-21,135.419998,139.789993,135.419998,139.000000,131.141998,1300600
27-juil.-21,132.529999,134.500000,128.869995,130.910004,123.509361,1583500
28-juil.-21,131.000000,131.500000,127.010002,128.720001,121.443146,833600
29-juil.-21,129.169998,132.250000,129.050003,130.199997,122.839485,583800
30-juil.-21,129.839996,133.380005,129.479996,131.070007,123.660294,572400
08-févr.-21,131.279999,132.809998,130.160004,130.589996,123.207443,313800
08-mars-21,131.309998,134.369995,129.000000,134.250000,126.660530,647200
08-avr.-21,134.160004,135.580002,132.809998,133.229996,125.698204,480300
08-mai-21,133.259995,135.000000,132.149994,132.850006,125.339668,260400
08-juin-21,132.669998,133.169998,131.270004,131.470001,124.037720,252600
08-sept.-21,131.470001,131.470001,128.669998,128.740005,121.462029,388200
08-oct.-21,128.470001,132.139999,127.699997,131.889999,124.433975,430200
08-nov.-21,132.210007,135.520004,131.039993,135.300003,127.651199,531200
08-déc.-21,134.869995,135.570007,132.710007,134.979996,127.349289,375400
13-août-21,134.679993,135.009995,131.460007,132.449997,124.962288,384000
16-août-21,132.449997,134.100006,130.410004,133.350006,125.811417,346000
17-août-21,132.039993,132.100006,127.750000,128.889999,121.603554,499700
18-août-21,128.630005,129.100006,126.349998,126.480003,119.329796,420200
19-août-21,125.330002,127.059998,123.129997,123.500000,116.518265,399200
20-août-21,123.750000,125.680000,123.379997,124.580002,117.537201,502200
23-août-21,125.519997,126.570000,124.849998,125.099998,118.027817,352000
24-août-21,125.279999,128.210007,125.279999,127.169998,119.980782,622100
25-août-21,128.360001,128.490005,126.139999,126.360001,119.216583,495800
26-août-21,126.239998,126.239998,122.260002,123.169998,116.206909,458500
27-août-21,122.610001,124.300003,121.489998,123.070000,116.112572,777200
30-août-21,123.690002,126.690002,122.870003,123.550003,116.565437,537700
31-août-21,122.430000,122.459999,118.239998,119.760002,113.568802,666500
09-janv.-21,119.779999,120.570000,118.559998,119.050003,112.895515,705500
09-févr.-21,118.830002,121.099998,117.500000,119.110001,112.952393,654400
09-mars-21,119.010002,120.849998,117.660004,120.739998,114.498131,527900
09-juil.-21,120.790001,121.760002,116.480003,116.540001,110.515266,799700
09-août-21,116.260002,116.370003,114.209999,115.300003,109.339378,763400
09-sept.-21,115.320000,117.970001,114.220001,117.519997,111.444595,746500
09-oct.-21,118.339996,121.040001,117.680000,119.889999,113.692070,877000
13-sept.-21,120.500000,123.139999,120.440002,121.730003,115.436951,778600
14-sept.-21,122.680000,122.680000,118.629997,119.650002,113.464485,523400
15-sept.-21,119.410004,122.470001,119.199997,122.220001,115.901627,741500
16-sept.-21,122.400002,125.250000,121.760002,122.040001,115.730927,720100
17-sept.-21,121.150002,121.500000,118.169998,119.690002,113.502426,2679300
20-sept.-21,117.199997,118.400002,114.690002,117.180000,111.122177,595200
21-sept.-21,118.010002,118.750000,115.430000,116.269997,110.259224,458100
22-sept.-21,116.870003,120.080002,116.510002,118.570000,112.440331,386400
23-sept.-21,119.639999,121.260002,119.309998,120.379997,114.156731,490300
24-sept.-21,120.500000,121.730003,120.050003,120.820000,114.574013,542600
27-sept.-21,120.470001,122.110001,119.599998,121.500000,115.218849,554900
28-sept.-21,121.709999,123.230003,119.910004,122.169998,115.854210,525800
29-sept.-21,123.779999,125.449997,123.070000,123.910004,117.504272,646200
30-sept.-21,124.309998,124.309998,119.510002,119.660004,113.473976,826800
10-janv.-21,120.470001,122.639999,119.250000,121.250000,114.981773,692400
10-avr.-21,121.779999,127.500000,121.000000,121.879997,115.579193,1175400
10-mai-21,121.849998,126.290001,121.500000,122.570000,116.233528,1131000
10-juin-21,121.000000,121.930000,119.379997,121.360001,115.086098,770100
10-juil.-21,122.000000,125.190002,122.000000,124.010002,117.599098,1107500
10-août-21,124.370003,128.410004,124.050003,127.440002,120.851761,855800
10-nov.-21,128.000000,128.919998,126.570000,127.040001,120.472435,595200
10-déc.-21,127.430000,128.889999,125.379997,126.309998,119.780190,425100
13-oct.-21,126.750000,127.379997,124.190002,125.760002,119.258621,475100
14-oct.-21,127.750000,128.830002,125.970001,128.529999,121.885414,661200
15-oct.-21,129.179993,130.850006,128.360001,130.500000,123.753563,593200
18-oct.-21,129.970001,132.419998,129.800003,132.199997,125.365677,427900
19-oct.-21,132.500000,132.500000,129.669998,130.949997,124.180305,455100
20-oct.-21,130.490005,130.490005,126.349998,126.379997,119.846565,460300
21-oct.-21,125.949997,128.160004,125.290001,127.879997,121.269020,512900
22-oct.-21,128.360001,128.979996,125.750000,126.129997,119.609482,498600
25-oct.-21,126.879997,127.639999,124.080002,126.260002,119.732765,730100
26-oct.-21,117.989998,119.769997,114.500000,116.250000,110.240257,2418900
27-oct.-21,114.370003,118.820000,113.120003,117.239998,111.179077,1473100
28-oct.-21,117.389999,118.510002,114.870003,115.269997,109.310905,1048700
29-oct.-21,114.870003,116.870003,113.959999,114.949997,109.007454,1121600
11-janv.-21,117.099998,121.029999,117.059998,120.070000,113.862770,833600
11-févr.-21,120.120003,122.510002,119.070000,121.500000,115.218849,697700
11-mars-21,121.699997,124.389999,121.480003,123.029999,116.669746,550800
11-avr.-21,123.680000,124.230003,121.040001,123.709999,117.314583,660800
11-mai-21,124.639999,126.949997,123.000000,123.680000,117.286140,532400
11-août-21,124.050003,124.349998,121.139999,123.519997,117.134422,585200
11-sept.-21,123.230003,123.550003,119.290001,120.739998,114.498131,501800
11-oct.-21,120.339996,122.010002,119.220001,119.779999,113.587753,451700
11-nov.-21,119.309998,120.510002,118.599998,119.660004,113.473976,493600
11-déc.-21,119.930000,124.510002,119.040001,124.250000,117.826675,672700
15-nov.-21,125.089996,126.690002,124.400002,125.489998,119.002563,449500
16-nov.-21,125.000000,126.150002,123.139999,125.180000,118.708618,522600
17-nov.-21,124.529999,125.169998,121.410004,121.839996,115.541267,370400
18-nov.-21,122.440002,122.440002,120.209999,121.220001,114.953323,313900
19-nov.-21,120.800003,122.809998,119.669998,119.699997,113.511902,448600
22-nov.-21,120.650002,124.620003,119.830002,123.839996,117.437874,725600
23-nov.-21,123.209999,124.209999,120.000000,121.589996,115.304184,509900
24-nov.-21,120.489998,122.610001,120.120003,122.379997,116.053368,356500
26-nov.-21,120.300003,121.930000,118.089996,119.339996,113.170502,275800
29-nov.-21,120.870003,120.870003,115.720001,116.070000,110.069572,570400
30-nov.-21,114.839996,115.309998,110.559998,111.790001,106.589363,701600
12-janv.-21,114.330002,116.550003,110.779999,110.889999,105.731239,350200
12-févr.-21,111.459999,115.199997,111.459999,113.410004,108.134003,370700
12-mars-21,114.110001,114.110001,110.099998,111.330002,106.150764,504800
12-juin-21,112.180000,114.160004,110.820000,112.349998,107.123306,370100
12-juil.-21,112.769997,113.889999,110.839996,111.269997,106.093552,693700
12-août-21,111.910004,112.160004,110.629997,111.470001,106.284248,642300
12-sept.-21,111.230003,111.779999,108.019997,108.129997,103.099632,594300
12-oct.-21,108.769997,109.199997,105.540001,106.430000,101.478722,433300
13-déc.-21,107.139999,110.250000,105.449997,106.889999,101.917320,652400
14-déc.-21,106.519997,108.389999,105.970001,106.220001,101.278488,677000
15-déc.-21,106.099998,109.769997,105.330002,109.529999,104.434494,611100
16-déc.-21,109.949997,111.400002,107.379997,107.500000,102.498940,714700
17-déc.-21,105.650002,106.379997,102.470001,102.970001,98.179680,1652300
20-déc.-21,101.970001,104.089996,100.519997,102.550003,97.779228,887500
21-déc.-21,103.470001,106.879997,103.070000,104.519997,99.657562,697500
22-déc.-21,104.610001,107.629997,104.089996,105.250000,100.353615,609700
23-déc.-21,105.730003,106.860001,105.500000,106.269997,101.326157,389300
27-déc.-21,106.000000,107.339996,105.510002,107.000000,102.022186,387900
28-déc.-21,107.589996,109.080002,107.470001,108.330002,103.290337,302400
29-déc.-21,107.910004,109.180000,107.790001,109.019997,103.948212,272600
30-déc.-21,108.690002,110.669998,108.690002,109.709999,104.606125,300400
31-déc.-21,109.519997,110.769997,108.500000,109.910004,104.796829,315300
01-mars-22,110.389999,110.550003,108.519997,110.330002,105.197296,421900
01-avr.-22,111.000000,114.800003,110.330002,113.620003,108.334221,649000
01-mai-22,114.000000,117.529999,113.519997,113.809998,108.515396,1068300
01-juin-22,113.459999,115.459999,111.739998,114.610001,109.278175,381900
01-juil.-22,115.690002,118.110001,113.830002,114.849998,109.507004,716600
01-oct.-22,114.620003,117.849998,112.849998,117.790001,112.310234,678100
01-nov.-22,117.879997,118.279999,114.839996,117.059998,111.614197,693300
01-déc.-22,116.959999,118.120003,116.120003,117.040001,111.595123,508600
13-janv.-22,117.660004,119.970001,117.070000,118.820000,113.292320,691800
14-janv.-22,117.540001,118.949997,116.760002,118.860001,113.330460,817300
18-janv.-22,118.480003,118.480003,111.430000,111.839996,106.637047,1349300
19-janv.-22,112.199997,114.699997,112.110001,113.029999,107.771667,672400
20-janv.-22,113.639999,113.639999,106.510002,106.860001,101.888718,716900
21-janv.-22,105.720001,106.680000,102.339996,105.779999,100.858948,1424000
24-janv.-22,104.919998,110.559998,103.199997,110.129997,105.006584,1104400
25-janv.-22,109.139999,110.949997,104.830002,109.199997,104.119850,1382200
26-janv.-22,111.639999,114.150002,110.309998,111.320000,106.141220,957500
27-janv.-22,112.800003,114.129997,107.089996,108.970001,103.900558,914300
28-janv.-22,109.360001,113.500000,109.000000,112.239998,107.018433,783000
31-janv.-22,111.790001,113.519997,110.250000,112.589996,107.352150,1359300
02-janv.-22,112.379997,115.099998,112.120003,115.019997,109.669098,649700
02-févr.-22,115.430000,115.989998,112.559998,114.769997,109.430725,588900
02-mars-22,115.000000,116.000000,114.000000,114.440002,109.116089,522600
02-avr.-22,113.949997,116.519997,111.989998,115.150002,109.793045,983200
02-juil.-22,115.339996,116.970001,113.309998,116.400002,110.984901,703000
02-août-22,116.970001,119.589996,115.650002,119.379997,113.826263,659600
02-sept.-22,119.980003,120.830002,119.050003,120.489998,114.884636,699700
02-oct.-22,119.019997,123.129997,119.019997,119.430000,113.873940,457700
02-nov.-22,120.050003,122.540001,119.709999,120.620003,115.008575,632100
14-févr.-22,120.489998,122.199997,118.430000,118.760002,113.235107,643000
15-févr.-22,120.029999,124.019997,118.940002,123.250000,117.516228,654200
16-févr.-22,122.290001,127.370003,122.139999,126.730003,120.834335,711200
17-févr.-22,124.680000,126.000000,123.489998,124.650002,118.851089,622000
18-févr.-22,124.550003,127.260002,124.190002,124.580002,118.784355,642900
22-févr.-22,123.669998,126.739998,121.930000,123.040001,117.315994,735100
23-févr.-22,123.970001,123.989998,120.089996,120.220001,114.627190,664600
24-févr.-22,116.669998,121.620003,115.230003,118.120003,112.624893,1321000
25-févr.-22,117.059998,120.629997,117.059998,119.730003,114.159988,787600
28-févr.-22,117.660004,121.830002,117.660004,121.510002,116.479805,597700
03-janv.-22,121.000000,121.629997,116.050003,116.669998,111.840172,772600
03-févr.-22,117.000000,122.910004,116.269997,120.970001,115.962166,787900
03-mars-22,122.040001,122.410004,118.389999,121.949997,116.901581,559400
03-avr.-22,120.540001,121.070000,116.279999,117.760002,112.885048,928300
03-juil.-22,117.250000,117.970001,106.980003,109.400002,104.871124,2496400
03-août-22,109.410004,111.989998,106.849998,108.540001,104.046730,1643600
03-sept.-22,111.989998,113.650002,111.400002,112.690002,108.024925,508800
03-oct.-22,110.769997,113.669998,108.629997,110.690002,106.107735,643700
03-nov.-22,111.989998,111.989998,105.910004,106.440002,102.033669,513500
14-mars-22,107.250000,107.930000,103.209999,104.389999,100.068520,863000
15-mars-22,105.139999,107.029999,103.769997,106.160004,101.765259,704400
16-mars-22,107.580002,109.449997,105.120003,107.099998,102.666336,788100
17-mars-22,105.809998,107.269997,104.879997,106.389999,101.985725,514600
18-mars-22,104.370003,111.099998,104.370003,110.260002,105.695518,1597300
21-mars-22,110.589996,112.599998,107.190002,108.230003,103.749557,539400
22-mars-22,108.550003,110.739998,108.480003,109.529999,104.995743,486800
23-mars-22,108.489998,108.879997,103.699997,103.730003,99.435852,792300
24-mars-22,105.000000,107.629997,103.800003,106.830002,102.407524,635400
25-mars-22,107.099998,107.239998,104.870003,106.500000,102.091179,450800
28-mars-22,106.800003,107.790001,104.139999,107.629997,103.174393,510300
29-mars-22,109.459999,113.540001,109.449997,112.150002,107.507286,601500
30-mars-22,111.610001,113.120003,110.230003,110.879997,106.289864,712500
31-mars-22,109.940002,109.959999,105.000000,105.320000,100.960030,877300
04-janv.-22,105.849998,106.839996,104.629997,106.440002,102.033669,771000
04-avr.-22,106.580002,108.379997,105.820000,107.889999,103.423637,440500
04-mai-22,107.010002,107.889999,103.360001,103.800003,99.502953,1155100
04-juin-22,102.610001,103.680000,99.680000,102.699997,98.448494,933400
04-juil.-22,101.570000,104.029999,100.930000,103.610001,99.320816,659400
04-août-22,103.589996,105.820000,102.910004,104.550003,100.221901,535900
04-nov.-22,103.949997,106.870003,103.120003,105.739998,101.362640,775600
04-déc.-22,106.839996,109.000000,105.320000,105.800003,101.420166,476700
13-avr.-22,106.000000,107.650002,105.550003,107.400002,102.953918,385500
14-avr.-22,107.680000,108.769997,106.419998,107.239998,102.800545,553100
18-avr.-22,106.320000,107.660004,104.010002,105.620003,101.247612,576000
19-avr.-22,105.910004,109.540001,105.910004,108.989998,104.478088,514000
20-avr.-22,109.260002,111.000000,107.790001,108.610001,104.113831,447200
21-avr.-22,110.720001,110.720001,106.510002,106.800003,102.378769,469200
22-avr.-22,105.610001,106.730003,102.940002,103.160004,98.889442,658400
25-avr.-22,102.919998,107.239998,101.750000,106.779999,102.359573,1286700
26-avr.-22,99.540001,104.800003,96.300003,98.489998,94.412758,2360200
27-avr.-22,99.199997,100.980003,95.000000,97.139999,93.118660,1088100
28-avr.-22,98.279999,99.150002,94.559998,97.629997,93.588371,853800
29-avr.-22,96.940002,100.500000,94.699997,94.940002,91.009735,963600
05-févr.-22,94.699997,97.690002,94.239998,97.110001,93.089905,785400
05-mars-22,96.449997,103.019997,96.040001,102.860001,98.601860,963700
05-avr.-22,103.000000,111.370003,102.449997,111.239998,106.634949,1143600
05-mai-22,109.779999,109.779999,102.709999,104.150002,99.838455,902100
05-juin-22,104.349998,107.089996,101.599998,104.779999,100.442383,667400
05-sept.-22,103.000000,106.419998,102.120003,104.029999,99.723419,788900
05-oct.-22,105.080002,106.209999,99.650002,101.620003,97.413208,742600
05-nov.-22,102.220001,103.410004,99.730003,100.169998,96.023224,756900
05-déc.-22,99.550003,105.470001,99.440002,105.309998,100.950439,724300
13-mai-22,106.500000,112.029999,106.000000,111.360001,106.749985,953700
16-mai-22,110.349998,110.820000,106.089996,106.769997,102.349991,690500
17-mai-22,109.449997,112.349998,108.050003,111.879997,107.248444,1087100
18-mai-22,107.639999,108.720001,101.269997,103.089996,98.822342,964900
19-mai-22,100.519997,102.629997,98.220001,101.000000,96.818863,1199200
20-mai-22,102.220001,102.589996,95.370003,98.570000,94.489456,1433800
23-mai-22,99.000000,102.489998,98.480003,100.720001,96.550461,696500
24-mai-22,99.250000,100.519997,95.709999,97.449997,93.415825,734100
25-mai-22,97.120003,103.809998,96.959999,103.139999,98.870277,429600
26-mai-22,103.400002,106.750000,103.400002,105.169998,100.816231,359800
27-mai-22,106.139999,107.370003,105.650002,107.250000,102.810127,308900
31-mai-22,106.949997,107.120003,103.699997,106.550003,102.752274,468400
06-janv.-22,107.419998,107.650002,101.889999,103.510002,99.820618,594100
06-févr.-22,104.059998,106.879997,103.660004,106.750000,102.945137,357600
06-mars-22,105.320000,105.320000,99.500000,100.000000,96.435730,768000
06-juin-22,101.089996,104.199997,99.730003,103.570000,99.878487,565800
06-juil.-22,102.300003,105.470001,101.000000,104.980003,101.238228,510700
06-août-22,104.080002,107.040001,103.389999,106.449997,102.655830,640600
06-sept.-22,106.279999,108.809998,105.059998,106.230003,102.443680,522600
06-oct.-22,104.010002,105.050003,100.070000,100.139999,96.570740,617800
13-juin-22,96.769997,99.870003,96.769997,98.449997,94.940964,787100
14-juin-22,98.910004,101.339996,98.839996,100.800003,97.207214,572200
15-juin-22,101.940002,103.129997,99.949997,101.379997,97.766541,453600
16-juin-22,98.660004,99.459999,95.500000,96.820000,93.369072,908800
17-juin-22,97.300003,99.239998,96.150002,97.540001,94.063408,938000
21-juin-22,99.989998,101.410004,98.010002,101.110001,97.506165,592700
22-juin-22,99.349998,103.050003,99.349998,102.830002,99.164864,491300
23-juin-22,103.900002,105.110001,101.139999,104.489998,100.765686,696400
24-juin-22,105.830002,108.410004,105.190002,107.570000,103.735916,744200
27-juin-22,108.779999,109.800003,105.779999,106.919998,103.109085,536700
28-juin-22,106.330002,108.879997,103.739998,103.959999,100.254578,544900
29-juin-22,103.639999,103.639999,100.779999,102.370003,98.721260,396500
30-juin-22,100.879997,101.010002,98.050003,99.279999,95.741394,492000
07-janv.-22,99.269997,101.699997,98.540001,101.029999,97.429024,336700
07-mai-22,99.459999,108.040001,98.410004,107.849998,104.005928,932800
07-juin-22,108.680000,109.639999,105.029999,108.470001,104.603836,798600
07-juil.-22,109.989998,112.529999,107.949997,112.239998,108.239464,568900
07-août-22,112.500000,112.500000,110.059998,112.010002,108.017662,406200
07-nov.-22,111.169998,111.889999,106.849998,107.029999,103.215157,503000
07-déc.-22,106.989998,110.650002,106.989998,109.879997,105.963577,424100
13-juil.-22,109.000000,111.870003,108.000000,110.660004,106.715782,329500
14-juil.-22,108.510002,108.680000,105.790001,107.480003,103.649132,440000
15-juil.-22,108.690002,108.989998,105.459999,107.860001,104.015579,429200
18-juil.-22,109.389999,110.650002,107.889999,108.169998,104.314522,375300
19-juil.-22,109.169998,112.000000,108.940002,111.050003,107.091873,849500
20-juil.-22,111.150002,112.989998,110.370003,112.449997,108.441971,815000
21-juil.-22,111.510002,114.190002,110.510002,114.040001,109.975311,403300
22-juil.-22,114.050003,115.989998,112.879997,114.080002,110.013878,532000
25-juil.-22,114.739998,114.739998,111.680000,113.000000,108.972374,894500
26-juil.-22,114.089996,115.220001,108.279999,110.129997,106.204666,1043600
27-juil.-22,109.699997,111.870003,107.639999,111.339996,107.371529,567700
28-juil.-22,111.680000,114.430000,110.529999,114.209999,110.139236,577500
29-juil.-22,114.620003,117.809998,113.230003,117.279999,113.099823,1204100
08-janv.-22,116.559998,118.900002,115.559998,116.949997,112.781578,569500
08-févr.-22,116.419998,117.000000,113.699997,113.699997,109.647423,415700
08-mars-22,115.199997,117.809998,115.010002,116.629997,112.472984,445900
08-avr.-22,116.959999,118.000000,115.949997,116.370003,112.222260,321500
08-mai-22,114.410004,117.000000,113.610001,115.080002,110.978241,437700
08-août-22,115.839996,119.940002,115.839996,117.029999,112.858727,632900
08-sept.-22,116.550003,117.980003,114.940002,116.629997,112.472984,563300
08-oct.-22,119.389999,120.099998,117.730003,118.440002,114.218483,447500
08-nov.-22,119.529999,120.580002,118.250000,119.720001,115.452858,511800
08-déc.-22,120.000000,120.540001,118.379997,120.239998,115.954315,339000
15-août-22,119.930000,120.910004,119.360001,120.410004,116.118271,507200
16-août-22,119.839996,123.870003,119.650002,122.489998,118.124130,327500
17-août-22,120.839996,121.809998,119.820000,120.650002,116.349709,394300
18-août-22,120.790001,122.760002,120.010002,122.449997,118.085548,278500
19-août-22,121.190002,122.250000,120.180000,121.540001,117.207985,310500
22-août-22,119.930000,121.300003,117.830002,118.430000,114.208824,385900
23-août-22,118.660004,120.290001,118.529999,118.629997,114.401703,371700
24-août-22,118.709999,120.209999,118.269997,119.190002,114.941742,355400
25-août-22,119.550003,123.070000,119.360001,121.860001,117.516579,331400
26-août-22,122.220001,122.720001,116.949997,116.970001,112.800865,430700
29-août-22,116.000000,118.449997,115.050003,116.540001,112.386200,362000
30-août-22,116.709999,116.959999,114.389999,115.339996,111.228966,415800
31-août-22,115.339996,115.529999,112.839996,113.269997,109.842239,425000
09-janv.-22,112.459999,114.120003,111.889999,113.720001,110.278618,347900
09-févr.-22,114.690002,115.830002,111.709999,112.330002,108.930687,470900
09-juin-22,112.220001,112.519997,106.989998,108.430000,105.148712,585700
09-juil.-22,108.010002,111.930000,107.720001,111.599998,108.222786,469200
09-août-22,110.489998,112.150002,107.779999,111.980003,108.591293,491100
09-sept.-22,113.000000,113.849998,112.260002,112.820000,109.405869,482100
09-déc.-22,113.500000,116.790001,113.080002,115.910004,112.402359,515700
13-sept.-22,112.470001,113.540001,110.510002,110.739998,107.388802,435500
14-sept.-22,111.089996,111.959999,109.169998,111.209999,107.844582,496500
15-sept.-22,110.699997,113.250000,109.529999,110.669998,107.320923,506800
16-sept.-22,109.480003,110.000000,106.470001,107.830002,104.566872,1229000
19-sept.-22,107.360001,110.139999,107.360001,109.940002,106.613022,377000
20-sept.-22,108.940002,108.940002,106.699997,107.339996,104.091698,360200
21-sept.-22,107.970001,108.669998,104.820000,104.940002,101.764336,439100
22-sept.-22,104.660004,104.980003,101.089996,101.830002,98.748444,478400
23-sept.-22,100.169998,100.739998,97.389999,98.430000,95.451340,788600
26-sept.-22,98.300003,100.410004,97.720001,98.489998,95.509514,523700
27-sept.-22,100.050003,100.720001,97.879997,100.089996,97.061089,426000
28-sept.-22,101.290001,104.879997,100.419998,104.160004,101.007927,571200
29-sept.-22,102.019997,102.150002,96.930000,97.650002,94.694946,877500
30-sept.-22,96.809998,99.449997,95.209999,95.650002,92.755463,800700
10-mars-22,96.739998,99.330002,96.070000,98.000000,95.034340,564500
10-avr.-22,100.260002,103.730003,100.260002,103.290001,100.164253,468600
10-mai-22,100.599998,101.809998,100.150002,100.870003,97.817490,312000
10-juin-22,99.699997,100.500000,97.690002,99.190002,96.188332,491700
10-juil.-22,97.970001,98.250000,95.300003,96.959999,94.025810,404200
10-oct.-22,96.709999,98.680000,96.059998,98.129997,95.160400,358600
10-nov.-22,97.800003,101.220001,96.809998,99.730003,96.711990,365600
10-déc.-22,100.099998,100.830002,98.290001,100.150002,97.119293,387300
13-oct.-22,97.279999,100.300003,94.389999,98.839996,95.848915,840200
14-oct.-22,99.349998,100.230003,95.089996,95.739998,92.842728,531400
17-oct.-22,96.570000,98.959999,95.290001,97.790001,94.830704,508900
18-oct.-22,100.480003,101.410004,98.290001,98.849998,95.858620,485000
19-oct.-22,93.849998,96.580002,92.379997,93.739998,90.903259,876300
20-oct.-22,93.559998,95.660004,91.900002,92.650002,89.846245,407800
21-oct.-22,92.779999,94.650002,91.860001,92.730003,89.923828,665600
24-oct.-22,93.839996,96.690002,93.449997,94.470001,91.611168,1255300
25-oct.-22,94.900002,98.690002,93.000000,98.000000,95.034340,1754100
26-oct.-22,97.900002,102.699997,97.349998,99.940002,96.915634,1083800
27-oct.-22,100.760002,102.800003,99.500000,100.589996,97.545959,766700
28-oct.-22,100.589996,102.669998,98.930000,101.820000,98.738747,708000
31-oct.-22,100.940002,102.790001,100.940002,101.599998,98.525398,1041000
11-janv.-22,102.889999,104.599998,101.830002,104.220001,101.066124,561200
11-févr.-22,103.580002,105.410004,100.410004,100.449997,97.410202,574500
11-mars-22,98.809998,101.419998,96.430000,99.919998,96.896233,772500
11-avr.-22,101.940002,104.989998,101.720001,103.550003,100.416397,546400
11-juil.-22,104.309998,106.709999,102.820000,106.160004,102.947411,701400
11-août-22,107.059998,109.389999,106.589996,108.139999,104.867477,564000
11-sept.-22,107.510002,107.779999,104.250000,104.599998,101.434624,568700
11-oct.-22,109.500000,114.150002,109.500000,111.180000,107.815491,732100
11-nov.-22,111.599998,116.959999,110.430000,116.620003,113.090866,711800
14-nov.-22,115.110001,116.180000,111.309998,111.459999,108.087013,532200
15-nov.-22,112.860001,114.089996,110.089996,110.589996,107.243347,803900
16-nov.-22,109.120003,109.419998,106.940002,108.550003,105.265083,663900
17-nov.-22,107.959999,110.180000,106.639999,110.000000,106.671196,529600
18-nov.-22,111.599998,112.330002,109.180000,110.449997,107.107574,692400
21-nov.-22,109.580002,111.540001,108.400002,109.989998,106.661507,496500
22-nov.-22,110.400002,112.860001,110.279999,112.519997,109.114937,453300
23-nov.-22,112.459999,113.970001,112.320000,112.779999,109.367073,288400
25-nov.-22,112.500000,113.300003,111.660004,112.379997,108.979172,237300
28-nov.-22,111.610001,113.070000,111.610001,112.709999,109.299179,372800
29-nov.-22,112.849998,114.790001,112.250000,113.019997,109.599808,547400
30-nov.-22,113.050003,114.059998,109.239998,114.059998,111.238251,967700
12-janv.-22,114.459999,115.589996,112.500000,114.000000,111.179733,466400
12-févr.-22,112.839996,116.720001,112.839996,116.559998,113.676399,364600
12-mai-22,115.440002,115.440002,110.510002,110.660004,107.922363,723000
12-juin-22,110.760002,111.830002,109.339996,111.089996,108.341728,687100
12-juil.-22,111.860001,112.019997,107.739998,108.129997,105.454956,658500
12-août-22,105.570000,106.769997,104.099998,105.169998,102.568176,935600
12-sept.-22,104.320000,106.230003,103.330002,105.070000,102.470665,711200
12-déc.-22,105.790001,108.940002,105.080002,108.389999,105.708519,1044500
13-déc.-22,112.000000,112.040001,106.739998,107.889999,105.220894,871600
14-déc.-22,107.349998,109.180000,106.769997,107.769997,105.103859,936100
15-déc.-22,105.900002,106.750000,104.879997,106.300003,103.670227,622500
16-déc.-22,105.519997,107.010002,103.000000,103.269997,100.715187,1409800
19-déc.-22,103.580002,103.580002,100.150002,100.480003,97.994217,672200
20-déc.-22,100.139999,101.309998,98.500000,99.480003,97.018951,424200
21-déc.-22,100.839996,102.139999,100.839996,102.040001,99.515625,516800
22-déc.-22,100.669998,100.839996,98.410004,99.620003,97.155487,448500
23-déc.-22,99.199997,101.260002,98.629997,100.769997,98.277023,309500
27-déc.-22,100.610001,101.900002,99.620003,100.480003,97.994217,274300
28-déc.-22,100.440002,101.070000,97.769997,98.209999,95.780373,396300
29-déc.-22,99.180000,101.050003,98.290001,100.540001,98.052727,366600
30-déc.-22,99.269997,101.160004,99.250000,101.000000,98.501343,243300
01-mars-23,102.190002,102.470001,99.449997,100.500000,98.013718,528100
01-avr.-23,101.610001,102.879997,100.720001,101.500000,98.988968,397500
01-mai-23,100.540001,102.760002,99.459999,101.709999,99.193779,551500
01-juin-23,102.500000,104.059998,101.570000,103.410004,100.851723,596000
01-sept.-23,104.360001,105.000000,103.260002,103.440002,100.880981,455500
01-oct.-23,103.709999,104.699997,102.209999,104.489998,101.904999,251800
01-nov.-23,104.930000,106.169998,104.610001,106.000000,103.377647,379100
01-déc.-23,106.949997,107.510002,105.400002,107.290001,104.635735,286400
13-janv.-23,105.150002,107.320000,103.449997,106.470001,103.836029,511600
17-janv.-23,105.260002,107.660004,104.769997,106.940002,104.294395,418700
18-janv.-23,108.769997,108.769997,102.879997,103.150002,100.598152,624900
19-janv.-23,102.120003,102.910004,101.050003,102.070000,99.544868,409800
20-janv.-23,102.000000,104.620003,100.120003,103.889999,101.319847,391300
23-janv.-23,104.029999,106.440002,103.860001,105.849998,103.231361,417300
24-janv.-23,106.250000,107.449997,104.870003,105.900002,103.280121,304100
25-janv.-23,104.860001,106.720001,104.820000,106.300003,103.670227,306600
26-janv.-23,106.930000,107.709999,104.110001,106.459999,103.826271,476700
27-janv.-23,103.610001,107.239998,102.650002,107.180000,104.528458,734400
30-janv.-23,105.970001,108.529999,105.669998,106.620003,103.982315,1061500
31-janv.-23,111.000000,114.919998,108.220001,114.839996,111.998947,2186900
02-janv.-23,115.000000,117.980003,113.589996,117.779999,114.866226,1283900
02-févr.-23,119.410004,120.730003,116.309998,118.730003,115.792725,1023600
02-mars-23,117.290001,120.699997,115.379997,118.139999,115.217323,812200
02-juin-23,117.209999,118.410004,115.470001,116.629997,113.744675,517400
02-juil.-23,116.190002,117.080002,114.889999,116.580002,113.695915,418500
02-août-23,115.690002,117.830002,115.110001,116.980003,114.086014,563200
02-sept.-23,118.269997,119.199997,114.010002,115.000000,112.155006,564400
02-oct.-23,114.760002,116.540001,114.110001,115.199997,112.350044,418900
13-févr.-23,115.029999,117.529999,114.519997,117.089996,114.193283,387000
14-févr.-23,116.099998,117.910004,115.559998,117.550003,114.641914,279100
15-févr.-23,116.480003,120.040001,116.480003,119.930000,116.963036,517700
16-févr.-23,118.769997,121.570000,118.250000,119.800003,116.836250,523100
17-févr.-23,119.879997,121.379997,118.750000,119.300003,116.348618,410900
21-févr.-23,117.589996,118.879997,116.180000,116.459999,113.578873,476400
22-févr.-23,115.680000,117.349998,115.360001,115.769997,112.905945,431300
23-févr.-23,116.150002,116.980003,114.459999,115.680000,112.818176,331500
24-févr.-23,114.349998,114.510002,112.709999,114.010002,111.189491,392800
27-févr.-23,115.000000,116.519997,114.690002,114.790001,111.950195,366900
28-févr.-23,113.830002,114.760002,112.900002,113.750000,111.567673,546500
03-janv.-23,113.709999,115.279999,113.669998,113.769997,111.587288,374000
03-févr.-23,112.519997,115.830002,112.500000,115.440002,113.225250,375500
03-mars-23,116.209999,116.629997,114.500000,115.739998,113.519485,277000
03-juin-23,115.889999,116.669998,114.400002,115.110001,112.901581,505800
03-juil.-23,114.500000,117.180000,114.300003,117.120003,114.873016,821600
03-août-23,117.589996,119.599998,117.190002,118.690002,116.412895,929700
03-sept.-23,118.779999,119.089996,113.809998,113.830002,111.646133,594900
03-oct.-23,113.500000,114.360001,110.059998,111.519997,109.380455,567900
13-mars-23,109.389999,112.209999,107.849998,110.949997,108.821388,593200
14-mars-23,113.160004,114.110001,109.949997,111.040001,108.909668,653200
15-mars-23,108.110001,108.940002,105.750000,107.419998,105.359116,715000
16-mars-23,107.000000,109.459999,106.410004,109.169998,107.075539,590800
17-mars-23,108.760002,108.760002,105.279999,106.029999,103.995781,1399700
20-mars-23,106.900002,109.029999,106.120003,107.510002,105.447388,455300
21-mars-23,109.680000,110.690002,108.330002,110.580002,108.458488,602600
22-mars-23,111.050003,111.339996,106.889999,106.919998,104.868706,426000
23-mars-23,107.410004,108.970001,105.620003,106.169998,104.133095,415500
24-mars-23,105.419998,107.440002,104.019997,107.129997,105.074677,698200
27-mars-23,108.550003,108.809998,105.889999,107.650002,105.584702,505800
28-mars-23,108.129997,109.360001,106.430000,107.050003,104.996216,382900
29-mars-23,108.699997,108.699997,107.110001,108.029999,105.957413,381400
30-mars-23,108.989998,109.820000,107.500000,108.320000,106.241852,294200
31-mars-23,109.129997,111.070000,108.690002,110.629997,108.507530,417700
04-mars-23,110.349998,111.410004,109.320000,111.199997,109.066589,523500
04-avr.-23,112.129997,112.330002,106.089996,107.989998,105.918182,799100
04-mai-23,106.519997,106.839996,102.080002,103.459999,101.475090,874200
04-juin-23,103.180000,104.489998,102.440002,102.879997,100.906219,570800
04-oct.-23,102.860001,107.169998,102.860001,107.050003,104.996216,724400
04-nov.-23,107.800003,110.870003,107.519997,110.070000,107.958275,743700
04-déc.-23,111.019997,111.099998,106.209999,106.809998,104.760811,496100
13-avr.-23,107.419998,107.459999,105.870003,106.989998,104.937363,531300
14-avr.-23,107.550003,109.279999,106.629997,107.940002,105.869133,639700
17-avr.-23,108.269997,108.809998,106.500000,108.209999,106.133965,399200
18-avr.-23,108.550003,109.239998,107.610001,109.070000,106.977463,358900
19-avr.-23,109.150002,109.279999,108.000000,108.900002,106.810722,248300
20-avr.-23,107.970001,109.559998,107.419998,109.029999,106.938225,467200
21-avr.-23,109.410004,109.949997,107.870003,109.160004,107.065735,463700
24-avr.-23,109.250000,111.129997,108.919998,109.410004,107.310944,809300
25-avr.-23,112.300003,112.300003,105.239998,106.980003,104.927559,1249300
26-avr.-23,107.690002,109.000000,105.669998,105.970001,103.936935,662400
27-avr.-23,106.900002,108.760002,105.730003,108.709999,106.624367,709200
28-avr.-23,108.660004,109.680000,108.089996,108.650002,106.565514,998200
05-janv.-23,108.900002,111.139999,108.279999,109.769997,107.664024,530900
05-févr.-23,108.889999,109.250000,104.970001,108.300003,106.222237,635500
05-mars-23,108.680000,110.510002,106.489998,106.790001,104.741203,526200
05-avr.-23,105.449997,106.089996,103.459999,104.089996,102.093002,376900
05-mai-23,106.089996,106.849998,103.220001,105.239998,103.220932,541000
05-août-23,105.820000,106.250000,104.800003,105.669998,103.642685,390300
05-sept.-23,104.660004,105.250000,104.190002,104.290001,102.289162,379000
05-oct.-23,105.650002,106.349998,100.919998,102.889999,100.916023,475000
05-nov.-23,102.680000,103.820000,101.320000,103.459999,101.475090,488200
05-déc.-23,103.599998,104.790001,103.040001,104.110001,102.112617,550500
15-mai-23,104.000000,104.580002,103.070000,104.099998,102.102814,329800
16-mai-23,102.959999,103.610001,102.050003,102.760002,100.788521,488000
17-mai-23,102.980003,106.849998,102.879997,106.650002,104.603889,599600
18-mai-23,106.500000,108.779999,105.639999,108.400002,106.320313,508200
19-mai-23,108.559998,108.599998,105.279999,105.779999,103.750572,416400
22-mai-23,105.699997,106.860001,105.360001,105.639999,103.613266,330700
23-mai-23,105.139999,107.440002,105.099998,106.510002,104.466576,433300
24-mai-23,106.540001,106.540001,104.070000,104.820000,102.808998,292100
25-mai-23,104.379997,106.339996,104.290001,106.199997,104.162521,360100
26-mai-23,106.230003,108.260002,105.290001,108.150002,106.075111,481000
30-mai-23,108.900002,109.639999,107.949997,108.970001,106.879379,607200
31-mai-23,107.169998,108.349998,105.589996,107.709999,106.277496,914500
06-janv.-23,107.500000,110.709999,106.760002,110.599998,109.129059,625800
06-févr.-23,112.260002,116.400002,111.129997,115.879997,114.338829,782000
06-mai-23,114.830002,115.510002,111.870003,112.080002,110.589371,781100
06-juin-23,113.099998,116.459999,112.769997,116.250000,114.703918,704000
06-juil.-23,117.000000,118.480003,116.050003,118.010002,116.440506,511600
06-août-23,118.010002,118.349998,116.910004,117.790001,116.223434,331900
06-sept.-23,117.699997,118.699997,116.650002,116.830002,115.276199,389800
06-déc.-23,117.410004,118.620003,115.760002,117.169998,115.611671,487900
13-juin-23,117.739998,120.949997,117.669998,120.669998,119.065125,588200
14-juin-23,120.300003,121.879997,119.440002,120.870003,119.262466,541600
15-juin-23,119.779999,122.449997,119.239998,121.690002,120.071564,483900
16-juin-23,122.489998,122.489998,120.309998,121.279999,119.667015,1056600
20-juin-23,121.000000,121.570000,119.260002,119.330002,117.742950,447900
21-juin-23,118.169998,120.000000,117.769997,119.169998,117.585075,336200
22-juin-23,119.129997,119.129997,115.440002,116.239998,114.694038,575900
23-juin-23,114.610001,116.129997,114.269997,115.360001,113.825745,1255400
26-juin-23,115.849998,119.169998,115.669998,117.220001,115.661011,828600
27-juin-23,117.059998,118.419998,116.250000,118.300003,116.726654,365800
28-juin-23,117.919998,118.769997,117.089996,118.260002,116.687187,276600
29-juin-23,118.750000,119.709999,118.180000,119.599998,118.009354,364100
30-juin-23,120.419998,121.730003,119.430000,120.930000,119.321671,359200
07-mars-23,120.669998,122.760002,120.540001,122.230003,120.604385,214300
07-mai-23,121.559998,122.160004,120.589996,121.349998,119.736084,392100
07-juin-23,119.809998,121.379997,119.470001,121.250000,119.637413,410300
07-juil.-23,121.250000,123.309998,120.500000,121.970001,120.347839,618100
07-oct.-23,121.540001,124.209999,121.540001,123.059998,121.423340,554300
07-nov.-23,123.440002,129.089996,123.260002,128.789993,127.077126,994500
07-déc.-23,130.000000,131.089996,127.000000,129.610001,127.886223,858400
13-juil.-23,129.710007,129.809998,128.070007,129.710007,127.984909,347700
14-juil.-23,129.490005,129.490005,126.440002,127.860001,126.159500,409300
17-juil.-23,126.870003,129.750000,126.209999,129.429993,127.708618,372100
18-juil.-23,128.880005,132.720001,128.789993,132.100006,130.343109,844500
19-juil.-23,131.839996,135.830002,130.789993,135.350006,133.549896,926600
20-juil.-23,135.070007,135.289993,133.410004,134.300003,132.513855,486200
21-juil.-23,135.259995,135.690002,133.399994,134.380005,132.592789,581600
24-juil.-23,134.509995,136.550003,134.240005,134.529999,132.740799,734200
25-juil.-23,133.789993,134.179993,127.040001,132.809998,131.043671,1086500
26-juil.-23,134.039993,137.600006,132.850006,137.169998,135.345673,873500
27-juil.-23,137.910004,138.490005,133.850006,134.330002,132.543457,743300
28-juil.-23,135.589996,136.679993,134.100006,134.809998,133.017059,584500
31-juil.-23,134.970001,136.149994,134.130005,135.839996,134.033371,1869800
08-janv.-23,134.690002,135.020004,132.600006,132.880005,131.112732,608400
08-févr.-23,131.250000,133.729996,130.880005,133.500000,131.724487,436900
08-mars-23,133.000000,133.770004,132.210007,132.279999,130.520721,419800
08-avr.-23,132.270004,132.449997,129.970001,130.300003,128.567047,535300
08-juil.-23,130.669998,130.779999,128.669998,128.820007,127.106743,594500
08-août-23,127.349998,127.500000,125.290001,126.029999,124.353836,668900
08-sept.-23,125.860001,127.239998,125.120003,125.800003,124.126907,504800
08-oct.-23,126.360001,127.290001,124.269997,124.379997,122.725784,399200
08-nov.-23,123.889999,125.370003,123.750000,124.320000,122.666588,394000
14-août-23,123.730003,123.739998,121.739998,123.699997,122.054825,442500
15-août-23,122.930000,123.739998,121.250000,121.330002,119.716354,404200
16-août-23,120.709999,121.330002,116.419998,116.730003,115.177528,664500
17-août-23,117.089996,117.709999,114.220001,114.349998,112.829178,570900
18-août-23,113.800003,114.849998,113.029999,114.589996,113.065979,746900
21-août-23,114.650002,115.410004,112.309998,112.570000,111.072853,678500
22-août-23,112.230003,113.099998,109.900002,110.809998,109.336258,647500
23-août-23,110.370003,111.949997,109.949997,111.089996,109.612541,510200
24-août-23,110.879997,112.230003,110.000000,111.000000,109.523735,466400
25-août-23,111.639999,112.269997,110.209999,110.680000,109.207993,354400
28-août-23,111.309998,112.889999,111.000000,112.620003,111.122192,463600
29-août-23,112.730003,114.500000,112.180000,114.230003,112.710777,422400
30-août-23,113.430000,114.089996,112.419998,112.559998,111.062981,463100
31-août-23,112.500000,113.570000,111.620003,112.089996,111.241615,450200
09-janv.-23,113.000000,114.239998,112.769997,114.010002,113.147095,316000
09-mai-23,112.809998,113.279999,109.849998,110.070000,109.236908,733300
09-juin-23,110.099998,111.029999,107.860001,108.250000,107.430687,662500
09-juil.-23,107.150002,108.580002,106.690002,107.739998,106.924545,636300
09-août-23,107.900002,108.699997,107.220001,108.449997,107.629173,278100
09-nov.-23,108.550003,109.349998,105.849998,106.580002,105.773331,831800
09-déc.-23,106.480003,107.870003,106.010002,107.099998,106.289391,573300
13-sept.-23,106.820000,106.820000,104.849998,105.610001,104.810669,687800
14-sept.-23,106.519997,107.139999,105.190002,106.620003,105.813026,674600
15-sept.-23,106.260002,107.120003,105.459999,106.839996,106.031357,4439600
18-sept.-23,106.949997,108.019997,106.360001,106.860001,106.051208,812800
19-sept.-23,106.680000,107.459999,106.180000,106.440002,105.634392,400500
20-sept.-23,106.760002,107.959999,106.150002,106.199997,105.396202,326100
21-sept.-23,105.500000,105.970001,104.050003,104.449997,103.659447,528200
22-sept.-23,105.000000,105.500000,104.080002,104.370003,103.580055,383500
25-sept.-23,104.010002,105.500000,103.760002,104.870003,104.076271,399500
26-sept.-23,103.809998,104.209999,102.230003,102.279999,101.505867,395700
27-sept.-23,102.599998,103.239998,100.720001,101.709999,100.940186,586100
28-sept.-23,101.730003,104.720001,101.610001,104.019997,103.232697,416900
29-sept.-23,105.389999,106.169998,103.870003,104.139999,103.351791,427700
10-févr.-23,104.000000,104.320000,102.370003,102.639999,101.863144,468700
10-mars-23,101.709999,101.809998,98.709999,99.220001,98.469032,566700
10-avr.-23,99.099998,99.750000,96.940002,98.330002,97.585770,658600
10-mai-23,97.870003,98.709999,96.250000,97.160004,96.424629,487800
10-juin-23,96.449997,98.459999,95.419998,97.430000,96.692581,311200
10-sept.-23,96.540001,98.389999,95.660004,98.169998,97.426979,367100
10-oct.-23,98.449997,100.629997,98.440002,99.970001,99.213356,306000
10-nov.-23,100.250000,100.889999,98.370003,98.550003,97.804108,571200
10-déc.-23,98.470001,98.470001,95.370003,96.370003,95.640602,550300
13-oct.-23,96.379997,97.500000,96.190002,97.129997,96.394844,419200
16-oct.-23,98.250000,99.290001,96.970001,97.669998,96.930763,423300
17-oct.-23,97.120003,100.199997,97.110001,99.419998,98.667519,496900
18-oct.-23,98.160004,99.089996,96.220001,96.330002,95.600906,536900
19-oct.-23,96.000000,96.849998,94.400002,94.870003,94.151962,510500
20-oct.-23,94.750000,94.750000,92.250000,93.160004,92.454903,929600
23-oct.-23,93.000000,93.440002,91.580002,91.980003,91.283836,1105000
24-oct.-23,89.000000,92.730003,88.199997,89.510002,88.832527,1556200
25-oct.-23,88.269997,89.269997,84.800003,86.849998,86.192657,1353900
26-oct.-23,87.339996,87.470001,84.690002,85.290001,84.644463,1023900
27-oct.-23,87.110001,87.550003,84.959999,85.269997,84.624611,976500
30-oct.-23,86.349998,87.050003,84.150002,84.500000,83.860443,556900
31-oct.-23,84.860001,87.489998,84.860001,86.419998,85.765907,1198800
11-janv.-23,85.730003,86.779999,84.400002,86.639999,85.984245,514500
11-févr.-23,87.970001,88.970001,87.139999,88.699997,88.028648,591400
11-mars-23,90.449997,93.000000,90.449997,92.650002,91.948761,681200
11-juin-23,92.400002,93.029999,90.779999,91.040001,90.350945,675900
11-juil.-23,90.559998,91.510002,89.269997,90.059998,89.378357,643600
11-août-23,90.279999,91.059998,89.349998,89.480003,88.802757,564300
11-sept.-23,90.000000,90.070000,86.360001,86.849998,86.192657,587200
11-oct.-23,87.519997,88.889999,86.650002,87.809998,87.145386,475500
13-nov.-23,87.809998,88.050003,86.519997,86.550003,85.894928,390100
14-nov.-23,89.519997,92.839996,89.519997,91.599998,90.906708,605800
15-nov.-23,91.989998,95.279999,91.989998,94.360001,93.645813,581200
16-nov.-23,93.500000,94.040001,90.250000,90.660004,89.973824,553000
17-nov.-23,91.849998,92.510002,91.070000,92.180000,91.482315,411300
20-nov.-23,92.190002,92.330002,90.680000,91.550003,90.857086,371300
21-nov.-23,91.290001,91.669998,89.360001,89.580002,88.901993,592200
22-nov.-23,90.250000,91.019997,89.430000,89.910004,89.229500,338900
24-nov.-23,89.849998,91.029999,89.550003,90.570000,89.884499,184500
27-nov.-23,89.080002,89.949997,86.610001,87.169998,86.510231,888000
28-nov.-23,86.860001,88.099998,86.099998,86.919998,86.262123,528300
29-nov.-23,88.029999,89.050003,85.790001,85.879997,85.229996,684700
30-nov.-23,85.430000,85.570000,82.000000,82.470001,82.470001,1437000
12-janv.-23,82.449997,87.690002,82.239998,87.410004,87.410004,874000
12-avr.-23,87.070000,88.330002,86.379997,86.550003,86.550003,618700
12-mai-23,86.099998,86.459999,83.930000,86.220001,86.220001,957000
12-juin-23,87.180000,91.279999,86.779999,88.320000,88.320000,890300
12-juil.-23,88.180000,90.150002,87.839996,89.870003,89.870003,626700
12-août-23,89.709999,90.709999,88.849998,89.860001,89.860001,527900
12-nov.-23,89.150002,89.290001,86.760002,87.730003,87.730003,877200
12-déc.-23,87.720001,87.779999,84.379997,84.980003,84.980003,1333900
13-déc.-23,85.110001,88.209999,83.029999,88.180000,88.180000,1351600
14-déc.-23,90.470001,93.709999,89.739998,93.050003,93.050003,1262700
15-déc.-23,92.430000,92.900002,90.620003,91.889999,91.889999,4130500
18-déc.-23,92.690002,93.769997,91.220001,92.050003,92.050003,815000
19-déc.-23,92.410004,93.029999,91.769997,92.889999,92.889999,589700
20-déc.-23,92.089996,93.639999,91.379997,91.449997,91.449997,777500
21-déc.-23,92.669998,94.720001,92.650002,94.440002,94.440002,791100
22-déc.-23,94.180000,95.279999,93.879997,94.610001,94.610001,528000
26-déc.-23,95.279999,96.279999,94.980003,95.720001,95.720001,520800
27-déc.-23,95.959999,96.669998,95.720001,96.290001,96.290001,477300
28-déc.-23,95.970001,96.000000,94.760002,95.860001,95.860001,514800
29-déc.-23,95.440002,96.279999,94.230003,94.769997,94.769997,621400
01-févr.-24,94.129997,96.300003,93.290001,94.360001,94.360001,565900
01-mars-24,92.739998,92.970001,90.080002,90.339996,90.339996,681000
01-avr.-24,89.989998,90.129997,88.099998,88.180000,88.180000,836400
01-mai-24,87.540001,90.849998,87.540001,89.169998,89.169998,1153000
01-août-24,89.180000,91.360001,88.510002,90.599998,90.599998,672000
01-sept.-24,89.610001,91.360001,89.430000,89.889999,89.889999,626200
01-oct.-24,89.889999,91.099998,89.870003,90.470001,90.470001,514900
01-nov.-24,90.129997,91.389999,88.129997,88.620003,88.620003,486900
01-déc.-24,89.160004,90.970001,87.940002,88.160004,88.160004,645400
